1973 Topps Willie Mays #305 SGC 7.5  Crossover PSA 8,Willie Mays,$110.50,"Feb 28, 2021

14:31:08 PST",Baseball,,,Topps,,Professional Sports (PSA),,https://www.ebay.com/itm/1973-Topps-Willie-Mays-305-SGC-7-5-Crossover-PSA-8/193907987679?hash=item2d25d114df:g:Bc8AAOSwh4BgK0Rg
2020 PANINI PRIZM JUSTIN HERBERT LIGHT BLUE PRIZM RC #325 ROOKIE üíé SP EXCLUSIVE,Justin Herbert,$605.00,"Feb 28, 2021

13:11:14 PST",Football,Los Angeles Chargers,2020,Panini,Ungraded,Professional Sports (PSA),Rookie,https://www.ebay.com/itm/2020-PANINI-PRIZM-JUSTIN-HERBERT-LIGHT-BLUE-PRIZM-RC-325-ROOKIE-SP-EXCLUSIVE/184675186338?hash=item2aff7fb6a2:g:k5AAAOSwRihgMX7~
2007 Ace Authentic Novak Djokovic Rookie Card RC #16¬†,Novak Djokovic,$114.19,"Feb 28, 2021

13:00:10 PST",Tennis,Serbia,2007,Ace Authentic,Ungraded,,Rookie,https://www.ebay.com/itm/2007-Ace-Authentic-Novak-Djokovic-Rookie-Card-RC-16/203285647205?hash=item2f54c4cf65:g:2IUAAOSwzJBgMsml
2019 Spectra Drew Lock Noah Fant Gold dual Rookie jersey auto #d 3/10 SSP MINT,,$105.50,"Feb 28, 2021

12:57:48 PST",Football,,,,,Should be graded,"autographed, Memorabilia, Refractor, Rookie, Short Print (SP), Single-Parallel",https://www.ebay.com/itm/2019-Spectra-Drew-Lock-Noah-Fant-Gold-dual-Rookie-jersey-auto-d-3-10-SSP-MINT/203285646043?hash=item2f54c4cadb:g:JdQAAOSwYjdgMsjc
2007 Ace Authentic Novak Djokovic Rookie Card RC #16 Serbia Joker¬†,Novak Djokovic,$89.00,"Feb 28, 2021

12:56:52 PST",Tennis,Serbia,2007,Ace Authentic,Ungraded,,Rookie,https://www.ebay.com/itm/2007-Ace-Authentic-Novak-Djokovic-Rookie-Card-RC-16-Serbia-Joker/203285645604?hash=item2f54c4c924:g:9HQAAOSwaF1gMsh3
KOBE BRYANT 1996-97 TOPPS STADIUM CLUB ROOKIE SHOWCASE #RS11 LAKERS,Kobe Bryant,$247.50,"Feb 28, 2021

12:56:36 PST",Basketball,Los Angeles Lakers,1996-97,Topps STADIUM CLUB,Ungraded,Not Professionally Graded,"INSERT, Rookie",https://www.ebay.com/itm/KOBE-BRYANT-1996-97-TOPPS-STADIUM-CLUB-ROOKIE-SHOWCASE-RS11-LAKERS/203285645483?hash=item2f54c4c8ab:g:368AAOSw8HpgMsfZ
1996 Terrell Owens 10 Card Lot PSA 8,Terrell Owens,$150.00,"Feb 28, 2021

12:55:48 PST",Football,,,,,Professional Sports (PSA),,https://www.ebay.com/itm/1996-Terrell-Owens-10-Card-Lot-PSA-8/203285644925?hash=item2f54c4c67d:g:WQMAAOSwvCpgMsib
1952 Bowman Yogi Berra #1,Yogi Berra,$62.00,"Feb 28, 2021

12:55:33 PST",Baseball,New York Yankees,1952,Bowman,,ungraded,,https://www.ebay.com/itm/1952-Bowman-Yogi-Berra-1/203285644725?hash=item2f54c4c5b5:g:m8kAAOSwDSBgMsh~
2012-13 PANINI FUSSBALL ROOKIE STICKER SADIO MANE BGS 9.5 LIVERPOOL FC,Sadio Mane,$750.00,"Feb 28, 2021

12:55:21 PST",Soccer,Liverpool,2012,Panini,9.5,Beckett (BGS),Rookie,https://www.ebay.com/itm/2012-13-PANINI-FUSSBALL-ROOKIE-STICKER-SADIO-MANE-BGS-9-5-LIVERPOOL-FC/353403606855?hash=item52487f1747:g:~DoAAOSwy8BgO~x8
2020 Panini Donruss Optic TUA TAGOVAILOA RC Rated Rookie Dolphins AUTO /150 SPüî•,Tua Tagovailoa,$679.99,"Feb 28, 2021

12:54:00 PST",Football,Miami Dolphins,2020,Panini,Ungraded,,"Rookie, Short Print (SP), Serial Numbered, Autograph, On Card Autograph",https://www.ebay.com/itm/2020-Panini-Donruss-Optic-TUA-TAGOVAILOA-RC-Rated-Rookie-Dolphins-AUTO-150-SP/203290774415?hash=item2f55130b8f:g:HBgAAOSwzu9gMxdo
Peyton Manning 1998 Bowman Chrome RC #1 PSA 10 Gem MintüíéüèàüêêColts HOF,Peyton Manning,"$2,350.00","Feb 28, 2021

12:52:56 PST",Football,Indianapolis Colts,1998,Bowman,10,Professional Sports (PSA),Rookie,https://www.ebay.com/itm/Peyton-Manning-1998-Bowman-Chrome-RC-1-PSA-10-Gem-Mint-Colts-HOF/203291993455?hash=item2f5525a56f:g:jKsAAOSwfYNgO7Vv
2007 Ace Authentic Novak Djokovic Rookie Card RC #16 Serbia Joker Qty Available,Novak Djokovic,$107.50,"Feb 28, 2021

12:52:43 PST",Tennis,Serbia,2007,Ace Authentic,Ungraded,,Rookie,https://www.ebay.com/itm/2007-Ace-Authentic-Novak-Djokovic-Rookie-Card-RC-16-Serbia-Joker-Qty-Available/203285642985?hash=item2f54c4bee9:g:SQsAAOSw-HlgMses
2020 Jalen Hurts Panini Prizm #129 GREEN YELLOW PRIZM /249 Rookie PSA 10 Pop 5!!,Jalen Hurts,$396.00,"Feb 28, 2021

12:52:27 PST",Football,Philadelphia Eagles,2020,Panini,10,Professional Sports (PSA),"Refractor, Rookie, Serial Numbered, Short Print (SP), Single-Parallel",https://www.ebay.com/itm/2020-Jalen-Hurts-Panini-Prizm-129-GREEN-YELLOW-PRIZM-249-Rookie-PSA-10-Pop-5/203291577907?hash=item2f551f4e33:g:yYMAAOSwOsZgOu0B
2020 Bowman Draft Chrome HESTON KJERSTAD 1st Bowman Auto Orioles,Patrick Bailey,$169.95,"Feb 28, 2021

12:52:02 PST",Baseball,San Francisco Giants,2020,Bowman,Ungraded,,Refractor,https://www.ebay.com/itm/2020-Bowman-Draft-Chrome-HESTON-KJERSTAD-1st-Bowman-Auto-Orioles/353326308274?hash=item5243e39bb2:g:YYwAAOSw4A1f3061
2020-21 Panini NBA Hoops Immanuel Quickley Rookie Ink Auto KNICKS #RI-QY,immanuel quickley,$150.00,"Feb 28, 2021

12:50:41 PST",Basketball,New York Knicks,2020-21,Panini,Ungraded,Not Professionally Graded,"Rookie, Autograph",https://www.ebay.com/itm/2020-21-Panini-NBA-Hoops-Immanuel-Quickley-Rookie-Ink-Auto-KNICKS-RI-QY/353395425431?hash=item5248024097:g:ubgAAOSwVChgLbKM
(2) 2007 Ace Authentic Novak Djokovic RC Straight Sets Mint,Novak Djokovic,$293.00,"Feb 28, 2021

12:50:31 PST",Tennis,,2007,Ace Authentic,,,Rookie,https://www.ebay.com/itm/2-2007-Ace-Authentic-Novak-Djokovic-RC-Straight-Sets-Mint/353399958609?hash=item5248476c51:g:yHgAAOSwWuNgOA0w
2020 PANINI PRIZM ISAIAH SIMMONS CHECKER BOARD PRIZM ROOKIE RC SSP!,Isaiah Simmons,$49.99,"Feb 28, 2021

12:49:11 PST",Football,Arizona Cardinals,2020,Panini,Ungraded,,Rookie,https://www.ebay.com/itm/2020-PANINI-PRIZM-ISAIAH-SIMMONS-CHECKER-BOARD-PRIZM-ROOKIE-RC-SSP/203291532146?hash=item2f551e9b72:g:BJMAAOSwdPxgMbAS
"Joe Burrow 3 CARD RC LOT Mystique Light Blue #286/299, Red #214/399,Blue Acetate",Joe Burrow,$46.76,"Feb 28, 2021

12:48:23 PST",Football,Cincinnati Bengals,2020,Panini,Ungraded,Not Professionally Graded,"Acetate, Refractor, Rookie, Serial Numbered, Short Print (SP), Single-Insert, Single-Parallel",https://www.ebay.com/itm/Joe-Burrow-3-CARD-RC-LOT-Mystique-Light-Blue-286-299-Red-214-399-Blue-Acetate/353395423019?hash=item524802372b:g:51kAAOSw-iFgMsYv
2019 Panini Revolution TMall Kyrie Irving Auto,Kyrie Irving,$83.00,"Feb 28, 2021

12:48:18 PST",Basketball,Brooklyn Nets,2019,Panini,Ungraded,Not Professionally Graded,,https://www.ebay.com/itm/2019-Panini-Revolution-TMall-Kyrie-Irving-Auto/203285639820?hash=item2f54c4b28c:g:7TMAAOSw9axgMsbu
Patrick Mahomes 2017 Panini Prestige Rookie Card Free Shipping Plus Free Card ,Patrick Mahomes,$36.95,"Feb 28, 2021

12:47:41 PST",Football,Texas Tech Red Raiders,2017,Panini,Ungraded,Not Professionally Graded,Rookie,https://www.ebay.com/itm/Patrick-Mahomes-2017-Panini-Prestige-Rookie-Card-Free-Shipping-Plus-Free-Card/203285639183?hash=item2f54c4b00f:g:iwsAAOSwxFRgMsV5
"2010 SCORE- ""FRANCHISE"" TOM BRADY- CARD #17- GEM/MT ""10"" SUPER BOWL CHAMP AGAIN!",Tom Brady,$41.00,"Feb 28, 2021

12:46:29 PST",Football,New England Patriots,2010,SCORE,10,Professional Sports (PSA),,https://www.ebay.com/itm/2010-SCORE-FRANCHISE-TOM-BRADY-CARD-17-GEM-MT-10-SUPER-BOWL-CHAMP-AGAIN/203285638400?hash=item2f54c4ad00:g:LRYAAOSwuzFgMsU9
2020 Contenders Draft Pick Diamond Ticket Auto 2 DPT2-PC Pete Crow-Armstrong /15,Pete Crow-Armstrong,$100.00,"Feb 28, 2021

12:46:00 PST",Baseball,New York Mets,2020,Panini,Ungraded,,,https://www.ebay.com/itm/2020-Contenders-Draft-Pick-Diamond-Ticket-Auto-2-DPT2-PC-Pete-Crow-Armstrong-15/203227773197?hash=item2f5151b90d:g:kQYAAOSwlIxf43t2
2019 Panini Prizm #129 Lebron James PSA 10 (QTY 4),LeBron James,$139.99,"Feb 28, 2021

12:40:14 PST",Basketball,Los Angeles Lakers,2019,Panini,10,Professional Sports (PSA),Single-Parallel,https://www.ebay.com/itm/2019-Panini-Prizm-129-Lebron-James-PSA-10-QTY-4/353391403062?hash=item5247c4e036:g:BDEAAOSwhsZgLcjB
Lebron James SP Holo Foil Insert High Voltage 2020-21 NBA Hoops #15 LA Lakers,LeBron James,$66.00,"Feb 28, 2021

12:35:34 PST",Basketball,Los Angeles Lakers,2021,Panini,Ungraded,Not Professionally Graded,"Short Print (SP), Single-Insert, Single-Parallel, Holographic Foil",https://www.ebay.com/itm/Lebron-James-SP-Holo-Foil-Insert-High-Voltage-2020-21-NBA-Hoops-15-LA-Lakers/353392413775?hash=item5247d44c4f:g:QUQAAOSw-npgKdS5
1987 Fleer Sticker Basketball #2 Michael Jordan Chicago Bulls HOF See Pics Read,Michael Jordan,$217.50,"Feb 28, 2021

12:30:26 PST",Basketball,Chicago Bulls,1987,Fleer,,,"Short Print (SP), Single-Insert",https://www.ebay.com/itm/1987-Fleer-Sticker-Basketball-2-Michael-Jordan-Chicago-Bulls-HOF-See-Pics-Read/203285625967?hash=item2f54c47c6f:g:hRcAAOSwJ61gMsIa
PSA 9 Donovan Mitchell Red Star Gazing 91/99 2019 Panini Donruss Optic,Donovan Mitchell,$59.99,"Feb 28, 2021

12:30:04 PST",Basketball,Utah Jazz,2019,Panini,9,Professional Sports (PSA),Refractor,https://www.ebay.com/itm/PSA-9-Donovan-Mitchell-Red-Star-Gazing-91-99-2019-Panini-Donruss-Optic/353330190896?hash=item52441eda30:g:P6cAAOSwPk5f49wl
üî•LUIS ROBERT 2020 TOPPS #392 ROOKIE RC GMA üíé GEM MINT 10¬†,Luis Robert,$60.00,"Feb 28, 2021

12:29:59 PST",Baseball,Chicago White Sox,2020,Topps,10,Professional Sports (PSA),Rookie,https://www.ebay.com/itm/LUIS-ROBERT-2020-TOPPS-392-ROOKIE-RC-GMA-GEM-MINT-10/353337814227?hash=item5244932cd3:g:JZoAAOSw~OFf7mSX
1951 Bowman Gum Nelson Fox #232,Nelson Fox,$37.00,"Feb 28, 2021

12:29:31 PST",Baseball,Chicago White Sox,1951,Bowman,,Not Professionally Graded,,https://www.ebay.com/itm/1951-Bowman-Gum-Nelson-Fox-232/203285624861?hash=item2f54c4781d:g:0xUAAOSwt39gMsJe
"SASHA BANDS  2020 TOPPS  WWE FULLY LOADED ""AUTOGRAPH  MAT RELIC"" SERIAL #77/99 ",Sasha Banks,$56.00,"Feb 28, 2021

12:29:07 PST",Wrestling,NONE,2020,Topps,Ungraded,TOPPS,"Piece of Authentic, AUTOGRAPHED MAT RELIC SERIAL #77/99",https://www.ebay.com/itm/SASHA-BANDS-2020-TOPPS-WWE-FULLY-LOADED-AUTOGRAPH-MAT-RELIC-SERIAL-77-99/203287438119?hash=item2f54e02327:g:shgAAOSwjOFgNWSO
2020 Upper Deck Goodwin Champions Brendan Bayliss 18/80 Umphre's McGee Autoüî•,Bredan Bayliss,$35.01,"Feb 28, 2021

12:24:59 PST",,Muscian,2020,Upper Deck,Ungraded,Not Professionally Graded,On Card Auto,https://www.ebay.com/itm/2020-Upper-Deck-Goodwin-Champions-Brendan-Bayliss-18-80-Umphres-McGee-Auto/203175485304?hash=item2f4e33df78:g:n~4AAOSwfTpff0EK
Michael Jordan GOAT 1988-89 Fleer #17 Chicago Bulls HOF OC but Sharp card,Michael Jordan,$112.50,"Feb 28, 2021

12:23:02 PST",Basketball,Chicago Bulls,1988,Fleer,Ungraded,Not Professionally Graded,,https://www.ebay.com/itm/Michael-Jordan-GOAT-1988-89-Fleer-17-Chicago-Bulls-HOF-OC-but-Sharp-card/203285619412?hash=item2f54c462d4:g:0uIAAOSwt5ZgMsBA
Kobe Bryant 06-07 Stitches In Time Game Used Jersey Numbered 003/199,Kobe Bryant,$117.51,"Feb 28, 2021

12:22:14 PST",Basketball,Los Angeles Lakers,2007,Upper Deck,Ungraded,,"Piece of Authentic, Memorabilia, Serial Numbered",https://www.ebay.com/itm/Kobe-Bryant-06-07-Stitches-In-Time-Game-Used-Jersey-Numbered-003-199/353392402980?hash=item5247d42224:g:L~IAAOSw8btgLste
"Aaron Judge, 2017 Topps Chrome, 1987 30th Anniversary, #87T-8, PSA 9 Mint Yanks",Aaron Judge,$45.00,"Feb 28, 2021

12:21:09 PST",Baseball,New York Yankees,2017,Topps Chrome,9,Professional Sports (PSA),,https://www.ebay.com/itm/Aaron-Judge-2017-Topps-Chrome-1987-30th-Anniversary-87T-8-PSA-9-Mint-Yanks/353400845069?hash=item524854f30d:g:AxAAAOSwAnZgOP41
1998 KEN GRIFFEY JR FINEST REFRACTOR #100 PSA 9 POP 15 MARINERS HOF  (813),Ken Griffey Jr,$252.99,"Feb 28, 2021

12:20:55 PST",Baseball,Seattle Mariners,1998,TOPPS FINEST,9,Professional Sports (PSA),Refractor,https://www.ebay.com/itm/1998-KEN-GRIFFEY-JR-FINEST-REFRACTOR-100-PSA-9-POP-15-MARINERS-HOF-813/353103225946?hash=item523697a45a:g:7QUAAOSwOzpe4YFe
1909 T206 Hal Chase Pink Yankees PSA 4 - VG/EX,Hal Chase,$500.00,"Feb 28, 2021

12:20:29 PST",Baseball,Yankees,1909,T206,4.00,Professional Sports (PSA),,https://www.ebay.com/itm/1909-T206-Hal-Chase-Pink-Yankees-PSA-4-VG-EX/203292254587?hash=item2f5529a17b:g:LB4AAOSwaAdfn34l
Kobe Bryant‚ö°Ô∏è1996 Fleer #203 PSA 8 NM-MINT Rookie RC HOFüî•GOATüèÄLakers!!,Kobe Bryant,$159.00,"Feb 28, 2021

12:20:16 PST",Basketball,Los Angeles Lakers,1996,Fleer,8,Professional Sports (PSA),"Rookie, PSA 8",https://www.ebay.com/itm/Kobe-Bryant-1996-Fleer-203-PSA-8-NM-MINT-Rookie-RC-HOF-GOAT-Lakers/333904987902?hash=item4dbe49c6fe:g:PCIAAOSwnW1gO-n5
2020 Topps Chrome WWE RAW Charlotte Flair Auto /10 Pack Fresh eBay 1/1,Charlotte Flair,$115.50,"Feb 28, 2021

12:19:57 PST",Wrestling,Raw,2020,Topps,Ungraded,,"Refractor, Serial Numbered",https://www.ebay.com/itm/2020-Topps-Chrome-WWE-RAW-Charlotte-Flair-Auto-10-Pack-Fresh-eBay-1-1/353397458635?hash=item52482146cb:g:iw4AAOSwwkhgNWKj
2020 DONRUSS OPTIC JUSTIN HERBERT BASE RATED ROOKIE #153 LOS ANGELES CHARGERS RC,Justin Herbert,$99.99,"Feb 28, 2021

12:19:33 PST",Football,Los Angeles Chargers,2020,Panini,Ungraded,Not Professionally Graded,"Rookie, Single-Insert",https://www.ebay.com/itm/2020-DONRUSS-OPTIC-JUSTIN-HERBERT-BASE-RATED-ROOKIE-153-LOS-ANGELES-CHARGERS-RC/353403512058?hash=item52487da4fa:g:dU0AAOSwpAhgO-mS
LAMELO BALL 2020-21 CERTIFIED BASKETBALL 2020 GRAFFITI ROOKIE INSERT *HORNETS*,Lamelo Ball,$85.00,"Feb 28, 2021

12:19:16 PST",Basketball,Charlotte Hornets,2020,Panini,Ungraded,,"Holographic Foil, Rookie, Short Print (SP), Single-Insert, Single-Parallel",https://www.ebay.com/itm/LAMELO-BALL-2020-21-CERTIFIED-BASKETBALL-2020-GRAFFITI-ROOKIE-INSERT-HORNETS/333897355323?hash=item4dbdd5503b:g:ViwAAOSwU39gMr8p
Allen Iverson 1996-97 Topps Rookie Basketball Card #171. PSA Maybe.,Allen Iverson,$41.00,"Feb 28, 2021

12:18:39 PST",Basketball,Philadelphia 76ers,1996,Topps,Ungraded,Not Professionally Graded,Rookie,https://www.ebay.com/itm/Allen-Iverson-1996-97-Topps-Rookie-Basketball-Card-171-PSA-Maybe/333897354202?hash=item4dbdd54bda:g:IXcAAOSwAQJgMr97
2019-20 PANINI NOIR PJ WASHINGTON ROOKIE PATCH  AUTOGRAPH  CARD #3/99,PJ Washington,$50.00,"Feb 28, 2021

12:16:18 PST",Basketball,Charlotte Hornets,2020,Panini,Ungraded,Not Professionally Graded,"AUTOGRAPH, Piece of Authentic, Rookie, Serial Numbered, Short Print (SP)",https://www.ebay.com/itm/2019-20-PANINI-NOIR-PJ-WASHINGTON-ROOKIE-PATCH-AUTOGRAPH-CARD-3-99/353395330242?hash=item524800ccc2:g:P-QAAOSwU39gMrG8
2014 Bowman Chrome #190 Odell Beckham Jr. Rookie Card Graded BGS All 9.5 ,"Odell Beckham, Jr.",$37.95,"Feb 28, 2021

12:16:15 PST",Football,New York Giants,2014,Bowman,9.5,Beckett (BGS),Rookie,https://www.ebay.com/itm/2014-Bowman-Chrome-190-Odell-Beckham-Jr-Rookie-Card-Graded-BGS-All-9-5/333311463046?hash=item4d9ae94e86:g:D5EAAOSw2PpfvGnG
1988 Fleer Michael Jordan #17 PSA 8 NM-MT,Michael Jordan,$355.00,"Feb 28, 2021

12:15:01 PST",Basketball,Chicago Bulls,1988,Fleer,8,Professional Sports (PSA),,https://www.ebay.com/itm/1988-Fleer-Michael-Jordan-17-PSA-8-NM-MT/203284907493?hash=item2f54b985e5:g:iXcAAOSwaRhgMX6D
1986-87 Fleer #1 Kareem Abdul-Jabbar PSA 8 NM/MT,Kareem Abdul-Jabbar,$290.00,"Feb 28, 2021

12:15:01 PST",Basketball,Los Angeles Lakers,1986,Fleer,8,Professional Sports (PSA),,https://www.ebay.com/itm/1986-87-Fleer-1-Kareem-Abdul-Jabbar-PSA-8-NM-MT/203284912207?hash=item2f54b9984f:g:zP8AAOSwwUhgMYFW
1981 TOPPS #20 Kareem Abdul-Jabbar PSA MINT 9,Kareem Abdul-Jabbar,$338.00,"Feb 28, 2021

12:15:01 PST",Basketball,Los Angeles Lakers,1981,Topps,9,PSA,,https://www.ebay.com/itm/1981-TOPPS-20-Kareem-Abdul-Jabbar-PSA-MINT-9/203285385956?hash=item2f54c0d2e4:g:lWAAAOSwOEZgMoVx
1981 Topps #75 Kevin McHale PSA 8 NM-MT,Kevin McHale,$104.01,"Feb 28, 2021

12:15:01 PST",Basketball,Boston Celtics,1981,Topps,8,Professional Sports (PSA),,https://www.ebay.com/itm/1981-Topps-75-Kevin-McHale-PSA-8-NM-MT/203285402497?hash=item2f54c11381:g:JRcAAOSwbahgMop0
1981-82 Topps #21 Magic Johnson BCCG 10 Mint,Magic Johnson,"$1,325.00","Feb 28, 2021

12:15:01 PST",Basketball,Los Angeles Lakers,1981,Topps,10,Beckett (BCCG),,https://www.ebay.com/itm/1981-82-Topps-21-Magic-Johnson-BCCG-10-Mint/203285426845?hash=item2f54c1729d:g:zeoAAOSwUuRgMpJI
2017 Panini Flawless Kareem Hunt Silver Signature Rookie Auto Sealed /20,Kareem Hunt,$119.99,"Feb 28, 2021

12:13:27 PST",Football,Kansas City Chiefs,2017,"Panini America, Inc.",Uncirculated,Manufacturer,"Autograph, Rookie, SerialNumbered",https://www.ebay.com/itm/2017-Panini-Flawless-Kareem-Hunt-Silver-Signature-Rookie-Auto-Sealed-20/203136926474?hash=item2f4be7830a:g:zgcAAOSwiChfg4J~
1986-87 Fleer Michael Jordan ROOKIE RC PSA 6 - Great Centering! Invest!,Michael Jordan,"$7,700.00","Feb 28, 2021

12:13:08 PST",Basketball,Chicago Bulls,1986,Fleer,6,Professional Sports (PSA),Rookie,https://www.ebay.com/itm/1986-87-Fleer-Michael-Jordan-ROOKIE-RC-PSA-6-Great-Centering-Invest/203285607034?hash=item2f54c4327a:g:SKMAAOSwKzVgLGMU
1996 Fleer #212 Ray Allen Rookie Card RC HOF PSA 9 MINT,Ray Allen,$45.00,"Feb 28, 2021

12:10:39 PST",Basketball,Milwaukee Bucks,1996,Fleer,9,Professional Sports (PSA),"Memorabilia, Rookie",https://www.ebay.com/itm/1996-Fleer-212-Ray-Allen-Rookie-Card-RC-HOF-PSA-9-MINT/203285604352?hash=item2f54c42800:g:VToAAOSwi~JgMry0
1996 Fleer #212 Ray Allen Rookie Card RC HOF PSA 9 MINT,Ray Allen,$45.00,"Feb 28, 2021

12:10:39 PST",Basketball,Milwaukee Bucks,1996,Fleer,9,Professional Sports (PSA),"Memorabilia, Rookie",https://www.ebay.com/itm/1996-Fleer-212-Ray-Allen-Rookie-Card-RC-HOF-PSA-9-MINT/203285604352?hash=item2f54c42800:g:VToAAOSwi~JgMry0
2020 Panini Zenith CAM AKERS RC ROOKIE PATCH AUTO RPA /50 Rams,Cam Akers,$44.51,"Feb 28, 2021

12:10:15 PST",Football,Los Angeles Rams,2020,Panini,Ungraded,Not Professionally Graded,"Autograph, Rookie, Short Print (SP), Serial Numbered, Piece of Authentic, Memorabilia, RPA, 4 Color, Dual Patch",https://www.ebay.com/itm/2020-Panini-Zenith-CAM-AKERS-RC-ROOKIE-PATCH-AUTO-RPA-50-Rams/333897345841?hash=item4dbdd52b31:g:I90AAOSwj4FgKYOC
NIKOLA JOKIC 2015-16 PRIZM BASKETBALL ROOKIE CARD #335 RC DENVER NUGGETS,Nikola Jokic,$215.50,"Feb 28, 2021

12:10:12 PST",Basketball,Denver Nuggets,2015,PANINI,Ungraded,Not Professionally Graded,Rookie,https://www.ebay.com/itm/NIKOLA-JOKIC-2015-16-PRIZM-BASKETBALL-ROOKIE-CARD-335-RC-DENVER-NUGGETS/313427621191?hash=item48f9bdf547:g:ZngAAOSw32BgMr5~
1966 Topps #300 Pittsburgh Pirates HOF RF Roberto Clemente - Near Mint-Mint,Roberto Clemente,$149.95,"Feb 28, 2021

12:09:30 PST",Baseball,Pittsburgh Pirates,1966,Topps,Ungraded,Not Professionally Graded,,https://www.ebay.com/itm/1966-Topps-300-Pittsburgh-Pirates-HOF-RF-Roberto-Clemente-Near-Mint-Mint/313427620193?hash=item48f9bdf161:g:mN0AAOSwio1gDDdW
2020 Bowman Draft Chrome Cade Cavalli 1st Bowman Auto Purple Refractor /250 ,Cade Cavalli,$38.00,"Feb 28, 2021

12:08:02 PST",Baseball,Washington Nationals,2020,Bowman,Ungraded,Not Professionally Graded,Autograph,https://www.ebay.com/itm/2020-Bowman-Draft-Chrome-Cade-Cavalli-1st-Bowman-Auto-Purple-Refractor-250/203288768756?hash=item2f54f470f4:g:OpUAAOSwQndgNws8
LUKE VOIT AUTO 2020 Topps Clearly Authentic 1985 Acetate TBA-LV Yankees,Luke Voit,$42.00,"Feb 28, 2021

12:07:26 PST",Baseball,New York Yankees,2020,Topps,Ungraded,Not Professionally Graded,Acetate,https://www.ebay.com/itm/LUKE-VOIT-AUTO-2020-Topps-Clearly-Authentic-1985-Acetate-TBA-LV-Yankees/353371752809?hash=item5246990969:g:RHoAAOSw4DxgFeNJ
2017 Select JuJu Smith-Schuster Pink Prizm 10/10 PSA 10 RC #69 Steelers Gem Mint,JuJu Smith-Schuster,$599.99,"Feb 28, 2021

12:07:18 PST",Football,Pittsburgh Steelers,2017,Panini,10,Professional Sports (PSA),"Rookie, Serial Numbered, Short Print (SP), Single-Parallel",https://www.ebay.com/itm/2017-Select-JuJu-Smith-Schuster-Pink-Prizm-10-10-PSA-10-RC-69-Steelers-Gem-Mint/203132210673?hash=item2f4b9f8df1:g:4REAAOSwGMVffmxG
1985 Topps Tiffany Orel Hershiser ROOKIE RC #493 PSA 10 GEM MINT ...  BEAUTY !!,See Description,$589.00,"Feb 28, 2021

12:07:16 PST",Baseball,See Description,,Topps,10,Professional Sports (PSA),Rookie,https://www.ebay.com/itm/1985-Topps-Tiffany-Orel-Hershiser-ROOKIE-RC-493-PSA-10-GEM-MINT-BEAUTY/203291918227?hash=item2f55247f93:g:tC8AAOSwVx5gO5rG
1996 MOISES ALOU SELECT CERTIFIED MIRROR GOLD #65 PSA 9  POP 5,MOISES ALOU,$574.99,"Feb 28, 2021

12:07:09 PST",Baseball-MLB,Montreal Expos,1996,Score,9,Professional Sports (PSA),,https://www.ebay.com/itm/1996-MOISES-ALOU-SELECT-CERTIFIED-MIRROR-GOLD-65-PSA-9-POP-5/333014322052?hash=item4d89334b84:g:6DQAAOxyuPtQ~FDs
89-90 Fleer Michael Jordan #21 Scoring Avg Leader Bulls Legend HOT GOAT,Michael Jordan,$35.00,"Feb 28, 2021

12:06:55 PST",Basketball,Chicago Bulls,1989,Fleer,,,,https://www.ebay.com/itm/89-90-Fleer-Michael-Jordan-21-Scoring-Avg-Leader-Bulls-Legend-HOT-GOAT/203285601054?hash=item2f54c41b1e:g:BAMAAOSwJpxgMryp
1992 CLASSIC 4 SPORT GOLD DEREK JETER ROOKIE #231 POSSIBLE PSA 10 ?,Derek Jeter,$75.00,"Feb 28, 2021

12:06:32 PST",Baseball,New York Yankees,1992,Classic,,Professional Sports (PSA),Rookie,https://www.ebay.com/itm/1992-CLASSIC-4-SPORT-GOLD-DEREK-JETER-ROOKIE-231-POSSIBLE-PSA-10/333903920908?hash=item4dbe397f0c:g:wMEAAOSwW5dgOqwS
Lamelo Ball 2020-21 Panini NBA Hoops RC Purple Parallel SP #223 NEW PRICE üëÄüëÄ,Lamelo Ball,$65.99,"Feb 28, 2021

12:06:09 PST",Basketball,Charlotte Hornets,2020-21,Panini,Ungraded,Not Professionally Graded,"Rookie, Short Print (SP), Single-Parallel",https://www.ebay.com/itm/Lamelo-Ball-2020-21-Panini-NBA-Hoops-RC-Purple-Parallel-SP-223-NEW-PRICE/203291665746?hash=item2f5520a552:g:fmAAAOSwdPxgL1J4
"1988-89 FLEER Basketball MICHAEL JORDAN ALL-STAR  #120, CHICAGO BULLS, HOF, VG",Michael Jordan,$100.00,"Feb 28, 2021

12:05:49 PST",Basketball,Chicago Bulls,1988,Fleer,Ungraded,,"Fleer, Hall of Fame, All Star, Chicago Bulls",https://www.ebay.com/itm/1988-89-FLEER-Basketball-MICHAEL-JORDAN-ALL-STAR-120-CHICAGO-BULLS-HOF-VG/224356863705?hash=item343cb60ed9:g:b6IAAOSwXplgLsgR
1964 Topps Coins #151 Willie Mays HOF PSA 9 24483675,Willie Mays HOF,$250.00,"Feb 28, 2021

12:05:35 PST",Baseball,San Francisco Giants,1964,Topps Coins,9.0,Professional Sports (PSA),,https://www.ebay.com/itm/1964-Topps-Coins-151-Willie-Mays-HOF-PSA-9-24483675/203242781574?hash=item2f5236bb86:g:5vgAAOSwIlRgAtu9
2019-20 Zion Williamson Panini Chronicles Luminance Teal RC Rookie,Zion Williamson,$45.00,"Feb 28, 2021

12:04:09 PST",Basketball,New Orleans Pelicans,2019,Panini,Ungraded,,Rookie,https://www.ebay.com/itm/2019-20-Zion-Williamson-Panini-Chronicles-Luminance-Teal-RC-Rookie/333851309212?hash=item4dbb16b49c:g:0uIAAOSwurxf-KrI
1961 WILLIE DAVIS BELL BRAND BASEBALL CARD #3 / PSA 5 EX,Willie Davis,$66.00,"Feb 28, 2021

12:03:44 PST",Baseball,DODGERS,1961,Bell Brand Dodgers,5 EXCELLENT,Professional Sports (PSA),,https://www.ebay.com/itm/1961-WILLIE-DAVIS-BELL-BRAND-BASEBALL-CARD-3-PSA-5-EX/313427612069?hash=item48f9bdd1a5:g:dhwAAOSwQBtgMrvd
2018 Topps Heritage Juan Soto ROOKIE RC #502 PSA 10 üî•üî•üî•,Juan Soto,$179.99,"Feb 28, 2021

12:03:30 PST",Baseball,Washington Nationals,2018,Topps,10,Professional Sports (PSA),Rookie,https://www.ebay.com/itm/2018-Topps-Heritage-Juan-Soto-ROOKIE-RC-502-PSA-10/203291754252?hash=item2f5521ff0c:g:r~cAAOSwLEJgO0gl
Kevin McHale 1986-87 Fleer  Boston Celtics NBA Basketball Card # 73,Kevin Mchale,$58.90,"Feb 28, 2021

12:03:08 PST",Basketball,Boston Celtics,1986,Fleer,Ungraded,Not Professionally Graded,Rookie,https://www.ebay.com/itm/Kevin-McHale-1986-87-Fleer-Boston-Celtics-NBA-Basketball-Card-73/313427611365?hash=item48f9bdcee5:g:olEAAOSwZsRgKYG-
2007 Topps Black Chrome #181 Adrian Peterson PSA GEM MINT 10 Rookie RC Rare,Adrian Peterson,$548.00,"Feb 28, 2021

12:03:05 PST",Football,Minnesota Vikings,2007,Topps,10,Professional Sports (PSA),Rookie,https://www.ebay.com/itm/2007-Topps-Black-Chrome-181-Adrian-Peterson-PSA-GEM-MINT-10-Rookie-RC-Rare/224365687830?hash=item343d3cb416:g:1HoAAOSwVAxgODG2
2020 Donruss Optic COLLIN JOHNSON FOTL Purple Prizm on-card Auto #/50 RC¬†,Collin Johnson,$39.25,"Feb 28, 2021

12:02:54 PST",Football,Jacksonville Jaguars,2020,Donruss,Ungraded,Not Professionally Graded,"Rookie, Serial Numbered, Autograph Sig Signature On Card, Single-Parallel, Single-Insert, Short Print (SP), Refractor",https://www.ebay.com/itm/2020-Donruss-Optic-COLLIN-JOHNSON-FOTL-Purple-Prizm-on-card-Auto-50-RC/333897337871?hash=item4dbdd50c0f:g:BvEAAOSw4UVgMrvT
"1988-89 FLEER Basketball MICHAEL JORDAN ALL-STAR  #120, CHICAGO BULLS, HOF, NM+",Michael Jordan,$100.99,"Feb 28, 2021

12:02:34 PST",Basketball,Chicago Bulls,1988,Fleer,Ungraded,,"Fleer, Hall of Fame, All Star, Chicago Bulls",https://www.ebay.com/itm/1988-89-FLEER-Basketball-MICHAEL-JORDAN-ALL-STAR-120-CHICAGO-BULLS-HOF-NM/224356859286?hash=item343cb5fd96:g:9KMAAOSwJVxgLscP
2018-19 PANINI ABSOLUTE DONOVAN MITCHELL EMERALD AUTO **1/1** JAZZ **WHITE BOX**,DONOVAN MITCHELL,"$1,000.00","Feb 28, 2021

12:02:27 PST",Basketball,Utah Jazz,2018,Panini,Ungraded,Not Professionally Graded,"Holographic Foil, Serial Numbered, Short Print (SP), Single-Insert, Single-Parallel",https://www.ebay.com/itm/2018-19-PANINI-ABSOLUTE-DONOVAN-MITCHELL-EMERALD-AUTO-1-1-JAZZ-WHITE-BOX/224359241825?hash=item343cda5861:g:ELgAAOSw4DxgMUg3
1991 Upper Deck Michael Jordan #SP1 Rookie Chicago Bulls Chicago White Sox,Michael Jordan,$46.59,"Feb 28, 2021

12:00:50 PST",Baseball,Chicago White Sox,1991,Upper Deck,Ungraded,,Rookie,https://www.ebay.com/itm/1991-Upper-Deck-Michael-Jordan-SP1-Rookie-Chicago-Bulls-Chicago-White-Sox/224359262708?hash=item343cdaa9f4:g:iyIAAOSwkSZgMU1e
2019-20 Panini Mosaic Reactive Orange #298 LeBron James Cavaliers PSA 10,LeBron James,$116.28,"Feb 28, 2021

12:00:01 PST",Basketball,,,Panini,10,Professional Sports (PSA),,https://www.ebay.com/itm/2019-20-Panini-Mosaic-Reactive-Orange-298-LeBron-James-Cavaliers-PSA-10/313430074129?hash=item48f9e36311:g:KLoAAOSwVgtgNUkr
2020 Panini Prizm JOE BURROW BASE ROOKIE CARD CINCINNATI BENGALS üî•,Joe Burrow,$86.00,"Feb 28, 2021

12:00:01 PST",Football,Cincinnati Bengals,2020,Panini,Ungraded,Not Professionally Graded,Rookie,https://www.ebay.com/itm/2020-Panini-Prizm-JOE-BURROW-BASE-ROOKIE-CARD-CINCINNATI-BENGALS/333893449187?hash=item4dbd99b5e3:g:M9oAAOSwPv9gLfZr
2000 FLEER TRADITION ROOKIES TO WATCH TOM BRADY ROOKIE CARD #352,Tom Brady,$74.99,"Feb 28, 2021

11:59:40 PST",Football,New England Patriots,2000,Fleer,Ungraded,Not Professionally Graded,Rookie,https://www.ebay.com/itm/2000-FLEER-TRADITION-ROOKIES-TO-WATCH-TOM-BRADY-ROOKIE-CARD-352/333882611513?hash=item4dbcf45739:g:7jsAAOSwmLpgILG1
2020 Mosaic AJ Brown 190 Gold Prizm SSP /20,Aj Brown,$60.00,"Feb 28, 2021

11:59:31 PST",Football,Tennessee Titans,2020,Panini,Ungraded,,"Serial Numbered, Refractor, Short Print (SP)",https://www.ebay.com/itm/2020-Mosaic-AJ-Brown-190-Gold-Prizm-SSP-20/353394475358?hash=item5247f3c15e:g:QpAAAOSwytZgMXzt
2011 Next 60 Autographed Card Freddie Freeman Rookie Atlanta Braves #N60A-FF,Freddie Freeman,$40.00,"Feb 28, 2021

11:59:13 PST",Baseball,Atlanta Braves,2011,Topps,Unspecified,,Rookie,https://www.ebay.com/itm/2011-Next-60-Autographed-Card-Freddie-Freeman-Rookie-Atlanta-Braves-N60A-FF/224360601698?hash=item343cef1862:g:7egAAOSwBWZgMruT
2007-08 Ultra SE Lucky 13 Kevin Durant Rookie Card Graded BCCG 10 ,Kevin Durant,$79.95,"Feb 28, 2021

11:57:15 PST",Basketball,Oklahoma City Thunder,2007-08,Fleer,10,Beckett (BCCG),Rookie,https://www.ebay.com/itm/2007-08-Ultra-SE-Lucky-13-Kevin-Durant-Rookie-Card-Graded-BCCG-10/333215263894?hash=item4d952d6c96:g:cUgAAOSwWX1fvGeQ
Peyton Manning RC 1998 Skybox E-X2001 Rookie Indianapolis Colts #54  PRO 9 Mint,Peyton Manning,$99.99,"Feb 28, 2021

11:56:40 PST",Football,Indianapolis Colts,1998,SkyBox,9,PRO,Rookie,https://www.ebay.com/itm/Peyton-Manning-RC-1998-Skybox-E-X2001-Rookie-Indianapolis-Colts-54-PRO-9-Mint/203212092825?hash=item2f50627599:g:DiMAAOSwKIBfzyxu
2000 Topps Finest FM19 Finest Moments Mike Jones Auto Refractor St Louis Rams,Mike Jones,$39.99,"Feb 28, 2021

11:56:08 PST",Football,St. Louis Rams,2000,Topps,Ungraded,Not Professionally Graded,"Refractor, Short Print (SP), Single-Parallel",https://www.ebay.com/itm/2000-Topps-Finest-FM19-Finest-Moments-Mike-Jones-Auto-Refractor-St-Louis-Rams/224362339518?hash=item343d099cbe:g:yiUAAOSwPm5gNJVO
1967 Topps #215 Ernie Banks - Chicago Cubs - Hall of Fame - NM/MT,Ernie Banks,$66.50,"Feb 28, 2021

11:56:01 PST",Baseball,Chicago Cubs,1967,Topps,Ungraded,,,https://www.ebay.com/itm/1967-Topps-215-Ernie-Banks-Chicago-Cubs-Hall-of-Fame-NM-MT/224321052517?hash=item343a939f65:g:WQkAAOSwNV5gBb4m
2019 Fernando Tatis Jr. Contenders Optic Season Ticket Hyper Prizm RC /299,Fernando Tatis Jr.,$60.00,"Feb 28, 2021

11:56:00 PST",Baseball,San Diego Padres,2019,Panini,Ungraded,Not Professionally Graded,"Rookie, Serial Numbered, Short Print (SP), Single-Parallel, Holographic Foil, Silver, Prizm",https://www.ebay.com/itm/2019-Fernando-Tatis-Jr-Contenders-Optic-Season-Ticket-Hyper-Prizm-RC-299/353402690454?hash=item5248711b96:g:vMoAAOSw199gOvTc
1966 BILLY WILLIAMS TOPPS BASEBALL CARD #580 / PSA 5 EXCELLENT,Billy Williams,$56.50,"Feb 28, 2021

11:55:35 PST",Baseball,CHICAGO CUBS,1966,Topps,5 EXCELLENT,Professional Sports (PSA),,https://www.ebay.com/itm/1966-BILLY-WILLIAMS-TOPPS-BASEBALL-CARD-580-PSA-5-EXCELLENT/224360597736?hash=item343cef08e8:g:bfEAAOSw7WJgMrmY
2016 Panini Prizm Carson Wentz Silver Rookie Card. PSA 10 Gem Mint - Card # 218,Carson Wentz,$695.00,"Feb 28, 2021

11:55:18 PST",Football,Philadelphia Eagles,2016,Panini,10,Professional Sports (PSA),"PRIZM, RC, Rookie, Short Print (SP)",https://www.ebay.com/itm/2016-Panini-Prizm-Carson-Wentz-Silver-Rookie-Card-PSA-10-Gem-Mint-Card-218/203291527652?hash=item2f551e89e4:g:pdAAAOSwt-ZgOthq
FERNANDO TATIS JR Blue Wave Auto 11/20 2020 Leaf Metal Draft Baseball JK,Baseball Player,$117.57,"Feb 28, 2021

11:54:20 PST",Baseball,,2020,Leaf,,,"Single-Parallel, Autograph",https://www.ebay.com/itm/FERNANDO-TATIS-JR-Blue-Wave-Auto-11-20-2020-Leaf-Metal-Draft-Baseball-JK/353402419321?hash=item52486cf879:g:T~kAAOSwjxRgOqMB
Ken Griffey Jr 1996 Finest Gold Refractor Intimidator PSA 9 Mint *Rare*,Ken Griffey Jr,$580.00,"Feb 28, 2021

11:53:37 PST",Baseball,Seattle Mariners,1996,Topps,9,Professional Sports (PSA),Gold,https://www.ebay.com/itm/Ken-Griffey-Jr-1996-Finest-Gold-Refractor-Intimidator-PSA-9-Mint-Rare/124586222487?hash=item1d01eae397:g:0bsAAOSwhdRgMroH
1959 Topps Hank Aaron Milwaukee Braves #380 Baseball Card,Hank Aaron,$136.50,"Feb 28, 2021

11:53:20 PST",Baseball,Atlanta Braves,1959,Topps,Ungraded,Not Professionally Graded,Checklist,https://www.ebay.com/itm/1959-Topps-Hank-Aaron-Milwaukee-Braves-380-Baseball-Card/313427600327?hash=item48f9bda3c7:g:RbEAAOSwQuVgMrnz
1970-71 TOPPS PETE MARAVICH¬† Rookie¬† (Surface Wrinkle)¬†,Pete Maravich,$373.68,"Feb 28, 2021

11:51:18 PST",Basketball,Atlanta Hawks,1970,Topps,Ungraded,Not Professionally Graded,Rookie,https://www.ebay.com/itm/1970-71-TOPPS-PETE-MARAVICH-Rookie-Surface-Wrinkle/333897326583?hash=item4dbdd4dff7:g:CA8AAOSwqSlgMrma
1961 fleer Rube Waddell HOF #149 PSA 8 Vintage,,$90.00,"Feb 28, 2021

11:51:04 PST",Baseball,,,Fleer,,Professional Sports (PSA),,https://www.ebay.com/itm/1961-fleer-Rube-Waddell-HOF-149-PSA-8-Vintage/233874854230?hash=item3674071156:g:D3gAAOSwDFxgEjHM
2016 National Treasures /49 Willson Contreras Purple GU Bat Auto Rookie Card RC,Willson Contreras,$39.99,"Feb 28, 2021

11:50:53 PST",Baseball,Chicago Cubs,2016,Panini,Ungraded,Not Professionally Graded,"Autograph, Colossal, Auto, Signed, Rookie Card, RC, CS-WC, Memorabilia, Piece of Authentic, Rookie, Serial Numbered, Game Used Bat, Single-Parallel",https://www.ebay.com/itm/2016-National-Treasures-49-Willson-Contreras-Purple-GU-Bat-Auto-Rookie-Card-RC/224325267769?hash=item343ad3f139:g:ttcAAOSwPQlfHjEL
Pete Rose 2012 Leaf The Living Legend Auto Baseball Card #AU-15 PSA Graded 9,Pete Rose,$50.14,"Feb 28, 2021

11:50:31 PST",Baseball,Cincinnati Reds,2012,Leaf,9,Professional Sports (PSA),Graded,https://www.ebay.com/itm/Pete-Rose-2012-Leaf-The-Living-Legend-Auto-Baseball-Card-AU-15-PSA-Graded-9/203285589424?hash=item2f54c3edb0:g:OigAAOSwSbhgMrfQ
1969 TOPPS HOCKEY BERNIE PARENT #89 GRADED PSA 7 NM PHILADELPHIA FLYERS CARD,Bernie Parent,$109.00,"Feb 28, 2021

11:49:41 PST",Ice Hockey,Philadelphia Flyers,1969,Topps,7,Professional Sports (PSA),,https://www.ebay.com/itm/1969-TOPPS-HOCKEY-BERNIE-PARENT-89-GRADED-PSA-7-NM-PHILADELPHIA-FLYERS-CARD/224330969650?hash=item343b2af232:g:QKkAAOSws9VgElWV
Zion Williamson 2019-20 Panini NBA Hoops Tribute Winter #296 RC Pelicans PSA 10,Zion Williamson,$119.99,"Feb 28, 2021

11:49:38 PST",Basketball,New Orleans Pelicans,2019,Panini,10,Professional Sports (PSA),Rookie,https://www.ebay.com/itm/Zion-Williamson-2019-20-Panini-NBA-Hoops-Tribute-Winter-296-RC-Pelicans-PSA-10/203204740535?hash=item2f4ff245b7:g:QREAAOSwX-Bfxnf0
2020 Topps Chrome Refractor RANDY AROZARENA #49 RC TAMPA BAY RAYS refractor base,Randy Arozarena,$39.00,"Feb 28, 2021

11:49:19 PST",Baseball,Tampa Bay Rays,2020,Topps,Ungraded,,Refractor,https://www.ebay.com/itm/2020-Topps-Chrome-Refractor-RANDY-AROZARENA-49-RC-TAMPA-BAY-RAYS-refractor-base/313435171816?hash=item48fa312be8:g:CI4AAOSwR5lgOfde
LeBron James Rookie Highlight Reel Makers 2003-04 Upper Deck Victory #222 Rookie,LeBron James,$49.99,"Feb 28, 2021

11:49:02 PST",Basketball,Cleveland Cavaliers,2003,Upper Deck,Ungraded,,Rookie,https://www.ebay.com/itm/LeBron-James-Rookie-Highlight-Reel-Makers-2003-04-Upper-Deck-Victory-222-Rookie/313032393523?hash=item48e22f4333:g:uTcAAOSweNVecvWe
2020 Optic Rated Rookie Justin Herbert Holo Prism *Please Read Item Description*,Justin Herbert,$275.00,"Feb 28, 2021

11:48:55 PST",Football,Los Angeles Chargers,2020,Panini,Ungraded,Not Professionally Graded,Rookie,https://www.ebay.com/itm/2020-Optic-Rated-Rookie-Justin-Herbert-Holo-Prism-Please-Read-Item-Description/224368984818?hash=item343d6f02f2:g:13QAAOSwgUJgO-pa
1966 Topps Ernie Banks #110 SGC 4.5 VG-EX+ ! Nice Card ! HOF Cubs,Ernie Banks,$48.99,"Feb 28, 2021

11:48:45 PST",Baseball,Chicago Cubs,1966,Topps,4.5,Sportscard (SGC),,https://www.ebay.com/itm/1966-Topps-Ernie-Banks-110-SGC-4-5-VG-EX-Nice-Card-HOF-Cubs/224277389790?hash=item3437f961de:g:T-QAAOSwD7Nf1lwP
2020 Donruss Optic Justin Herbert Rated Rookie #153 Chargers ROY RC!,Justin Herbert,$168.50,"Feb 28, 2021

11:48:31 PST",Football,Los Angeles Chargers,2020,Donruss,Ungraded,Not Professionally Graded,Rookie,https://www.ebay.com/itm/2020-Donruss-Optic-Justin-Herbert-Rated-Rookie-153-Chargers-ROY-RC/233904928924?hash=item3675d1f89c:g:QAIAAOSwt9JgMrdG
2020 Bowman Draft Sapphire 1st Bowman Yellow Refractor Ice /99 NICK BITSKO Rays,Nick Bitsko,$39.99,"Feb 28, 2021

11:48:30 PST",Baseball,Tampa Bay Rays,2020,Bowman,Ungraded,,"Refractor, Serial Numbered",https://www.ebay.com/itm/2020-Bowman-Draft-Sapphire-1st-Bowman-Yellow-Refractor-Ice-99-NICK-BITSKO-Rays/224327518310?hash=item343af64866:g:I~YAAOSwPOlgDg30
Pete Rose 2012 Leaf The Living Legend Auto Baseball Card #AU-15 PSA Graded 9,Pete Rose,$50.14,"Feb 28, 2021

11:50:31 PST",Baseball,Cincinnati Reds,2012,Leaf,9,Professional Sports (PSA),Graded,https://www.ebay.com/itm/Pete-Rose-2012-Leaf-The-Living-Legend-Auto-Baseball-Card-AU-15-PSA-Graded-9/203285589424?hash=item2f54c3edb0:g:OigAAOSwSbhgMrfQ
1969 TOPPS HOCKEY BERNIE PARENT #89 GRADED PSA 7 NM PHILADELPHIA FLYERS CARD,Bernie Parent,$109.00,"Feb 28, 2021

11:49:41 PST",Ice Hockey,Philadelphia Flyers,1969,Topps,7,Professional Sports (PSA),,https://www.ebay.com/itm/1969-TOPPS-HOCKEY-BERNIE-PARENT-89-GRADED-PSA-7-NM-PHILADELPHIA-FLYERS-CARD/224330969650?hash=item343b2af232:g:QKkAAOSws9VgElWV
Zion Williamson 2019-20 Panini NBA Hoops Tribute Winter #296 RC Pelicans PSA 10,Zion Williamson,$119.99,"Feb 28, 2021

11:49:38 PST",Basketball,New Orleans Pelicans,2019,Panini,10,Professional Sports (PSA),Rookie,https://www.ebay.com/itm/Zion-Williamson-2019-20-Panini-NBA-Hoops-Tribute-Winter-296-RC-Pelicans-PSA-10/203204740535?hash=item2f4ff245b7:g:QREAAOSwX-Bfxnf0
2020 Topps Chrome Refractor RANDY AROZARENA #49 RC TAMPA BAY RAYS refractor base,Randy Arozarena,$39.00,"Feb 28, 2021

11:49:19 PST",Baseball,Tampa Bay Rays,2020,Topps,Ungraded,,Refractor,https://www.ebay.com/itm/2020-Topps-Chrome-Refractor-RANDY-AROZARENA-49-RC-TAMPA-BAY-RAYS-refractor-base/313435171816?hash=item48fa312be8:g:CI4AAOSwR5lgOfde
LeBron James Rookie Highlight Reel Makers 2003-04 Upper Deck Victory #222 Rookie,LeBron James,$49.99,"Feb 28, 2021

11:49:02 PST",Basketball,Cleveland Cavaliers,2003,Upper Deck,Ungraded,,Rookie,https://www.ebay.com/itm/LeBron-James-Rookie-Highlight-Reel-Makers-2003-04-Upper-Deck-Victory-222-Rookie/313032393523?hash=item48e22f4333:g:uTcAAOSweNVecvWe
2020 Optic Rated Rookie Justin Herbert Holo Prism *Please Read Item Description*,Justin Herbert,$275.00,"Feb 28, 2021

11:48:55 PST",Football,Los Angeles Chargers,2020,Panini,Ungraded,Not Professionally Graded,Rookie,https://www.ebay.com/itm/2020-Optic-Rated-Rookie-Justin-Herbert-Holo-Prism-Please-Read-Item-Description/224368984818?hash=item343d6f02f2:g:13QAAOSwgUJgO-pa
1966 Topps Ernie Banks #110 SGC 4.5 VG-EX+ ! Nice Card ! HOF Cubs,Ernie Banks,$48.99,"Feb 28, 2021

11:48:45 PST",Baseball,Chicago Cubs,1966,Topps,4.5,Sportscard (SGC),,https://www.ebay.com/itm/1966-Topps-Ernie-Banks-110-SGC-4-5-VG-EX-Nice-Card-HOF-Cubs/224277389790?hash=item3437f961de:g:T-QAAOSwD7Nf1lwP
2020 Donruss Optic Justin Herbert Rated Rookie #153 Chargers ROY RC!,Justin Herbert,$168.50,"Feb 28, 2021

11:48:31 PST",Football,Los Angeles Chargers,2020,Donruss,Ungraded,Not Professionally Graded,Rookie,https://www.ebay.com/itm/2020-Donruss-Optic-Justin-Herbert-Rated-Rookie-153-Chargers-ROY-RC/233904928924?hash=item3675d1f89c:g:QAIAAOSwt9JgMrdG
2020 Bowman Draft Sapphire 1st Bowman Yellow Refractor Ice /99 NICK BITSKO Rays,Nick Bitsko,$39.99,"Feb 28, 2021

11:48:30 PST",Baseball,Tampa Bay Rays,2020,Bowman,Ungraded,,"Refractor, Serial Numbered",https://www.ebay.com/itm/2020-Bowman-Draft-Sapphire-1st-Bowman-Yellow-Refractor-Ice-99-NICK-BITSKO-Rays/224327518310?hash=item343af64866:g:I~YAAOSwPOlgDg30
2019 Panini Luminance Patrick Mahomes PSA 10 POP 3 Chiefs Super Bowl Season #1,Patrick Mahomes,$127.50,"Feb 28, 2021

11:48:25 PST",Football,Kansas City Chiefs,2019,Panini,10,Professional Sports (PSA),Base,https://www.ebay.com/itm/2019-Panini-Luminance-Patrick-Mahomes-PSA-10-POP-3-Chiefs-Super-Bowl-Season-1/233904928833?hash=item3675d1f841:g:JWsAAOSwZpJgMrjX
2003-04 Topps Chrome  Shaquille O'Neal SHAQ Possibly PSA 10  REFRACTOR üî•üî•,Shaquille O'Neal,$102.50,"Feb 28, 2021

11:47:49 PST",Basketball,Los Angeles Lakers,2003,Topps,10,Professional Sports (PSA),"Holographic Foil, Refractor",https://www.ebay.com/itm/2003-04-Topps-Chrome-Shaquille-ONeal-SHAQ-Possibly-PSA-10-REFRACTOR/333899338038?hash=item4dbdf39136:g:2W0AAOSwBWZgNVuo
2019-20 Select JA MORANT Concourse Rookie Card #72 GEM MINT PSA 10 üî•üî•üî•üìàüìàüìà,Ja Morant,$249.00,"Feb 28, 2021

11:47:13 PST",Basketball,Memphis Grizzlies,2019,Panini,10,Professional Sports (PSA),"Refractor, Rookie, Single-Parallel",https://www.ebay.com/itm/2019-20-Select-JA-MORANT-Concourse-Rookie-Card-72-GEM-MINT-PSA-10/224368955681?hash=item343d6e9121:g:liAAAOSwDVBgO-US
1986-87 Fleer Basketball Rookie Card #7 Charles Barkley 76ers RC VG Philadelphia,Charles Barkley,$148.50,"Feb 28, 2021

11:47:04 PST",Basketball,Philadelphia 76ers,1986,Fleer,Not Professionally Graded,Not Professionally Graded,"RC, Rookie",https://www.ebay.com/itm/1986-87-Fleer-Basketball-Rookie-Card-7-Charles-Barkley-76ers-RC-VG-Philadelphia/224356845714?hash=item343cb5c892:g:jIYAAOSwySNgLsO6
2002 UD SP AUTHENTIC TOM BRADY NEW ENGLAND PATRIOTS CARD # 1,Tom Brady,$41.00,"Feb 28, 2021

11:46:17 PST",Football,New England Patriots,2002,Upper Deck,Ungraded,,,https://www.ebay.com/itm/2002-UD-SP-AUTHENTIC-TOM-BRADY-NEW-ENGLAND-PATRIOTS-CARD-1/333903878125?hash=item4dbe38d7ed:g:6vEAAOSwyf9gOqFq
1933 Goudey Babe Ruth #144 SGC 50 P901 Gorgeous!,Babe Ruth,"$26,975.00","Feb 28, 2021

11:45:55 PST",Baseball,New York Yankees,1933,Goudey,4,Sportscard (SGC),,https://www.ebay.com/itm/1933-Goudey-Babe-Ruth-144-SGC-50-P901-Gorgeous/353403372002?hash=item52487b81e2:g:HI0AAOSwIXlgO8V7
2017 Panini XR DALVIN COOK Luminous Endorsements RC AUTO Shadowbox /49 ,Dalvin Cook,$59.99,"Feb 28, 2021

11:45:50 PST",Football,Minnesota Vikings,2017,Panini,,,"Autographed, Refractor, Rookie, Serial Numbered",https://www.ebay.com/itm/2017-Panini-XR-DALVIN-COOK-Luminous-Endorsements-RC-AUTO-Shadowbox-49/333891221908?hash=item4dbd77b994:g:Q4cAAOSwnBdgKuqC
2020 Bowman Draft Chrome Robert Hassell Draft Night Auto Gold Refractor /50,Robert Hassell,$120.00,"Feb 28, 2021

11:45:48 PST",Baseball,San Diego Padres,2020,Bowman,Ungraded,Not Professionally Graded,Autograph,https://www.ebay.com/itm/2020-Bowman-Draft-Chrome-Robert-Hassell-Draft-Night-Auto-Gold-Refractor-50/224353944600?hash=item343c898418:g:MU0AAOSwaRdgK1qD
2003 Upper Deck Michael Jordan Reflections PSA Mint 9 #5 (PSA# 22788820),Michael Jordan,$62.00,"Feb 28, 2021

11:45:47 PST",Basketball,Chicago Bulls,2003,Upper Deck,9,Professional Sports (PSA),Graded,https://www.ebay.com/itm/2003-Upper-Deck-Michael-Jordan-Reflections-PSA-Mint-9-5-PSA-22788820/203285584629?hash=item2f54c3daf5:g:URYAAOSwR7ReeNNt
2020 Topps Silver Pack Bo Bichette RC PSA 10 Blue Jays #41 SP Chrome Mojo,Bo Bichette,$148.50,"Feb 28, 2021

11:45:46 PST",Baseball,Toronto Blue Jays,2020,Topps,10,Professional Sports (PSA),"Promo, Rookie, Short Print (SP)",https://www.ebay.com/itm/2020-Topps-Silver-Pack-Bo-Bichette-RC-PSA-10-Blue-Jays-41-SP-Chrome-Mojo/233904926341?hash=item3675d1ee85:g:TFYAAOSwB6JgMrg7
"1989 Upper Deck Ken Griffey, Jr. Star Rookie No. 1 - Near Mint",Ken Griffey Jr,$110.50,"Feb 28, 2021

11:45:13 PST",Baseball,Seattle Mariners,1989,Upper Deck,Ungraded,Not Professionally Graded,Rookie,https://www.ebay.com/itm/1989-Upper-Deck-Ken-Griffey-Jr-Star-Rookie-No-1-Near-Mint/313427594337?hash=item48f9bd8c61:g:heQAAOSw5NZgNC1s
2003-04 Topps Chrome Dwyane Wade Rookie RC Miami Heat #115 NBA Champion!,Dwyane Wade,$200.00,"Feb 28, 2021

11:44:36 PST",Basketball,Miami Heat,2003,Topps,Ungraded,Not Professionally Graded,"Rookie, Topps Chrome",https://www.ebay.com/itm/2003-04-Topps-Chrome-Dwyane-Wade-Rookie-RC-Miami-Heat-115-NBA-Champion/203292206296?hash=item2f5528e4d8:g:oQ4AAOSwDVBgO-xP
2016 1st Bowman Chrome Prospect Yoan Moncada ROOKIE RC AUTO #BP148 PSA/DNA Cuba,Yoan Moncada,$269.00,"Feb 28, 2021

11:44:35 PST",Baseball,Boston Red Sox,2016,Bowman,10,Professional Sports (PSA),"Autograph, Rookie",https://www.ebay.com/itm/2016-1st-Bowman-Chrome-Prospect-Yoan-Moncada-ROOKIE-RC-AUTO-BP148-PSA-DNA-Cuba/203218195841?hash=item2f50bf9581:g:F7AAAOSwisRf1rwz
2020 Topps MLS Soccer 22 Under 22 #182 Diego Rossi Red 7/10 ,Diego Rossi,$51.00,"Feb 28, 2021

11:44:04 PST",Soccer,Los Angeles FC,2020,Topps,,,Serial Numbered,https://www.ebay.com/itm/2020-Topps-MLS-Soccer-22-Under-22-182-Diego-Rossi-Red-7-10/224360585981?hash=item343ceedafd:g:ZfAAAOSw7GpgMrf4
2019 Bowman Wander Franco 1st PSA 10 Paper Prospects Rays Top Prospect #100,Wander Franco,$101.00,"Feb 28, 2021

11:43:38 PST",Baseball,Tampa Bay Rays,2019,Bowman,10,Professional Sports (PSA),Prospect 1st,https://www.ebay.com/itm/2019-Bowman-Wander-Franco-1st-PSA-10-Paper-Prospects-Rays-Top-Prospect-100/233904924203?hash=item3675d1e62b:g:WI0AAOSwraBgMre6
2001 Topps Drew Brees Rookie Card RC #328 New Orleans Saints RP,Drew Brees,$46.00,"Feb 28, 2021

11:43:37 PST",Football,New Orleans Saints,2001,Topps,Ungraded,,Rookie,https://www.ebay.com/itm/2001-Topps-Drew-Brees-Rookie-Card-RC-328-New-Orleans-Saints-RP/333897319537?hash=item4dbdd4c471:g:yzoAAOSwge9gMrfS
Jordan Love 2020 Donruss Rookie Gridiron Kings Auto #/49 PACKERS #RGK-JL,Jordan Love,$140.00,"Feb 28, 2021

11:43:06 PST",Football,Green Bay Packers,2020,Panini,,,"Rookie, Serial Numbered, Short Print (SP)",https://www.ebay.com/itm/Jordan-Love-2020-Donruss-Rookie-Gridiron-Kings-Auto-49-PACKERS-RGK-JL/353367666699?hash=item52465ab00b:g:yBEAAOSwzM5gEPsa
Ted Williams 2005 Playoff Absolute Memorabilia Bat #68/250 Red Sox FREE SHIP,,$39.99,"Feb 28, 2021

11:42:58 PST",,,2005,Playoff,,,"Game Used, Piece of Authentic, Serial Numbered",https://www.ebay.com/itm/Ted-Williams-2005-Playoff-Absolute-Memorabilia-Bat-68-250-Red-Sox-FREE-SHIP/222274245700?hash=item33c093d444:g:~4cAAOSw8gVX998M
2019-20 Panini Select Keldon Johnson Concourse Silver RC Rookie Card Spurs QTY,Keldon Johnson,$59.99,"Feb 28, 2021

11:42:52 PST",Basketball,San Antonio Spurs,2019,Panini,Ungraded,,Rookie,https://www.ebay.com/itm/2019-20-Panini-Select-Keldon-Johnson-Concourse-Silver-RC-Rookie-Card-Spurs-QTY/224363661878?hash=item343d1dca36:g:UFQAAOSw~Q9gNhg3
2001 UD ROOKIE F/X #54 TOM BRADY  PATRIOTS RARE 2ND YEAR UPPER DECK WILL NOT GEM,Tom Brady,$75.55,"Feb 28, 2021

11:42:32 PST",Football,New England Patriots,2001,Upper Deck,Ungraded,,Rookie,https://www.ebay.com/itm/2001-UD-ROOKIE-F-X-54-TOM-BRADY-PATRIOTS-RARE-2ND-YEAR-UPPER-DECK-WILL-NOT-GEM/233912948651?hash=item36764c57ab:g:gAEAAOSwTfNgOqBg
1996-97 Topps #171 ALLEN IVERSON RC 50th Anniversary Foil Rookie Card,Allen Iverson,$222.22,"Feb 28, 2021

11:42:12 PST",Basketball,Philadelphia 76ers,1996-97,Topps,Ungraded,Not Professionally Graded,"Rookie, Single-Parallel",https://www.ebay.com/itm/1996-97-Topps-171-ALLEN-IVERSON-RC-50th-Anniversary-Foil-Rookie-Card/373470166140?hash=item56f48e7c7c:g:K~kAAOSwPKNgMrcC
2003-04 Dwyane Wade Upper Deck MVP PSA 10,Dwyane Wade,$424.99,"Feb 28, 2021

11:41:55 PST",Basketball,Miami Heat,2003,Upper Deck,10,Professional Sports (PSA),"Rookie, Single-Insert",https://www.ebay.com/itm/2003-04-Dwyane-Wade-Upper-Deck-MVP-PSA-10/373456236299?hash=item56f3b9ef0b:g:XkAAAOSwvd1gJKqw
2017 National Treasures Lonzo Ball ROOKIE RC PATCH AUTO /99 #102 BGS 9.5 GEM MT,See Description,"$2,595.00","Feb 28, 2021

11:41:13 PST",Basketball,See Description,,National Treasures,9.5,Beckett (BGS),"Autograph, Rookie",https://www.ebay.com/itm/2017-National-Treasures-Lonzo-Ball-ROOKIE-RC-PATCH-AUTO-99-102-BGS-9-5-GEM-MT/224362304939?hash=item343d0915ab:g:ea0AAOSw3UFgOzZ5
1979-80 Topps New NHL Entries PSA 8 NM-MT Pop 46 only 6 Higher Oilers Whalers,,$119.50,"Feb 28, 2021

11:41:03 PST",Ice Hockey,Chicago Blackhawks,1979,Topps,8,Professional Sports (PSA),Checklist,https://www.ebay.com/itm/1979-80-Topps-New-NHL-Entries-PSA-8-NM-MT-Pop-46-only-6-Higher-Oilers-Whalers/224360582436?hash=item343ceecd24:g:HcIAAOSwt5ZgMrbO
PSA 10 JJ BLEDAY 1st 2019 Bowman Chrome Draft REFRACTOR Rookie Card RC GEM MINT,JJ Bleday,$109.00,"Feb 28, 2021

11:41:00 PST",Baseball,Miami Marlins,2019,Bowman,10,Professional Sports (PSA),"Rookie, Refractor",https://www.ebay.com/itm/PSA-10-JJ-BLEDAY-1st-2019-Bowman-Chrome-Draft-REFRACTOR-Rookie-Card-RC-GEM-MINT/224367154197?hash=item343d531415:g:GMMAAOSwmSpgOcg0
2018 Panini Prizm #184 Shai Gilgeous-Alexander RC PSA 9,Shai Gilgeous-Alexander,$60.00,"Feb 28, 2021

11:40:56 PST",Basketball,Oklahoma City Thunder,2018,Panini,9,Professional Sports (PSA),Rookie,https://www.ebay.com/itm/2018-Panini-Prizm-184-Shai-Gilgeous-Alexander-RC-PSA-9/313437064357?hash=item48fa4e0ca5:g:dbYAAOSwL7xgO-Rz
üí•2018 Topps Heritage Gleyber Torres Rookie Performers RC RP-GT PSA gem mint 10 ,Gleyber Torres,$38.00,"Feb 28, 2021

11:40:50 PST",Baseball,New York Yankees,2018,Topps,10,Professional Sports (PSA),"Rookie Performers, Rookie",https://www.ebay.com/itm/2018-Topps-Heritage-Gleyber-Torres-Rookie-Performers-RC-RP-GT-PSA-gem-mint-10/224366802555?hash=item343d4db67b:g:vrYAAOSwz5JgOV8~
1996-97 Metal #241 Michael Jordan Near Mint Mint+ 8965,Michael Jordan,$90.00,"Feb 28, 2021

11:40:36 PST",Basketball,Chicago Bulls,1996,Fleer,8.5,Professional Sports (PSA),Graded,https://www.ebay.com/itm/1996-97-Metal-241-Michael-Jordan-Near-Mint-Mint-8965/373316442323?hash=item56eb64d8d3:g:7agAAOSwT3hfohh6
2020 Panini Prizm DP Chase Young Silver Prizm PSA 10 RC #130 SP D ROTY,Chase Young,$104.72,"Feb 28, 2021

11:40:24 PST",Football,Washington Redskins Football Team Ohio State Buckeyes,2020,Panini,10,Professional Sports (PSA),"Rookie, Refractor, Single-Parallel, Short Print (SP)",https://www.ebay.com/itm/2020-Panini-Prizm-DP-Chase-Young-Silver-Prizm-PSA-10-RC-130-SP-D-ROTY/233904921405?hash=item3675d1db3d:g:k5EAAOSw9PNgMrbq
Steve Young 1999 Aurora Complete Players Holo-Gold /25 SALESMAN SAMPLE,Steve Young,$60.00,"Feb 28, 2021

11:40:15 PST",Football,San Francisco 49ers,,Pacific,,,Serial Numbered,https://www.ebay.com/itm/Steve-Young-1999-Aurora-Complete-Players-Holo-Gold-25-SALESMAN-SAMPLE/333898653449?hash=item4dbde91f09:g:tC0AAOSwt-ZgNFhJ
Kobe Bryant Rookie Card 1996 Upper Deck Collector‚Äôs Choice,Kobe Bryant,$46.00,"Feb 28, 2021

11:39:08 PST",Basketball,Los Angeles Lakers,1996,Upper Deck,,Not Professionally Graded,Rookie,https://www.ebay.com/itm/Kobe-Bryant-Rookie-Card-1996-Upper-Deck-Collector-s-Choice/313430138388?hash=item48f9e45e14:g:9uEAAOSwUwRgHFml
Tua Tagovailoa Holo Silver Prizm Rated Rookie 2020 Optic #152,Tua Tagovailoa,$240.00,"Feb 28, 2021

11:38:53 PST",Football,Miami Dolphins,2020,Panini,Ungraded,Not Professionally Graded,"Rookie, Short Print (SP), Single-Parallel, Refractor",https://www.ebay.com/itm/Tua-Tagovailoa-Holo-Silver-Prizm-Rated-Rookie-2020-Optic-152/133671914738?hash=item1f1f778cf2:g:GcAAAOSwpKJgMraT
2020 PRIZM RARE PINK 9/50 TY GIBBS NASCAR RACING AUTOGRAPH SCRIPTED SIGNATURES ,TY GIBBS,$86.06,"Feb 28, 2021

11:38:49 PST",Auto Racing,NONE,2020,Panini,Ungraded,Not Professionally Graded,Piece of Authentic,https://www.ebay.com/itm/2020-PRIZM-RARE-PINK-9-50-TY-GIBBS-NASCAR-RACING-AUTOGRAPH-SCRIPTED-SIGNATURES/224356839538?hash=item343cb5b072:g:sP8AAOSwt9JgLsIm
"1970 Topps Willie Mays, # 600",Willie Mays,$81.00,"Feb 28, 2021

11:38:48 PST",Baseball,,1970,Topps,,,,https://www.ebay.com/itm/1970-Topps-Willie-Mays-600/203285578559?hash=item2f54c3c33f:g:4rIAAOSwxstgMrZF
#173 DEREK JETER PACIFIC PRISM REFRACTOR 1999 PSA 10 YANKEES HOF POP 4 ,DEREK JETER,$528.76,"Feb 28, 2021

11:38:35 PST",Baseball-MLB,New York Yankees,1999,Pacific,10,Professional Sports (PSA),"POP 4, Refractor",https://www.ebay.com/itm/173-DEREK-JETER-PACIFIC-PRISM-REFRACTOR-1999-PSA-10-YANKEES-HOF-POP-4/353144210550?hash=item5239090476:g:TzAAAOSwFLpfE9fe
2018 Panini Prizm #184 Shai Gilgeous-Alexander RC PSA 9,Shai Gilgeous-Alexander,$60.00,"Feb 28, 2021

11:38:15 PST",Basketball,Oklahoma City Thunder,2018,Panini,9,Professional Sports (PSA),Rookie,https://www.ebay.com/itm/2018-Panini-Prizm-184-Shai-Gilgeous-Alexander-RC-PSA-9/313437065466?hash=item48fa4e10fa:g:HUsAAOSw5J5gO-TJ
2020 Topps Ronald Acuna Jr. Orange Parallel /99 Short Print SP Braves,Ronald Acuna Jr.,$44.99,"Feb 28, 2021

11:38:03 PST",Baseball,Atlanta Braves,2020,Topps,Ungraded,Not Professionally Graded,Short Print (SP),https://www.ebay.com/itm/2020-Topps-Ronald-Acuna-Jr-Orange-Parallel-99-Short-Print-SP-Braves/333875110198?hash=item4dbc81e136:g:hKEAAOSwcipgF2VZ
2020 Panini Donruss Optic Football Jalen Hurts Blue Scope Rated Rookie Eagles!üî•,Jalen Hurts,$51.00,"Feb 28, 2021

11:37:32 PST",Football,Philadelphia Eagles,2020,Panini,Ungraded,Not Professionally Graded,"Rookie, Blue Scope Prizm, Short Print (SP)",https://www.ebay.com/itm/2020-Panini-Donruss-Optic-Football-Jalen-Hurts-Blue-Scope-Rated-Rookie-Eagles/353402399652?hash=item52486caba4:g:7pcAAOSwLrNgOqbw
Rare 1984-85 Nike Blue & Black Michael Jordan Poster Counter Display BGS 8.5,Michael Jordan,"$2,500.00","Feb 28, 2021

11:37:26 PST",Basketball,,1984,Nike,8.5,Beckett (BGS),Rookie,https://www.ebay.com/itm/Rare-1984-85-Nike-Blue-Black-Michael-Jordan-Poster-Counter-Display-BGS-8-5/353403366623?hash=item52487b6cdf:g:D-kAAOSwTSlgO8N6
2019 Bowman Chrome Eloy Jimenez RC PSA 10 White Sox #81 Rookie Card,Eloy Jimenez,$51.00,"Feb 28, 2021

11:37:08 PST",Baseball,Chicago White Sox,2019,Bowman,10,Professional Sports (PSA),Rookie,https://www.ebay.com/itm/2019-Bowman-Chrome-Eloy-Jimenez-RC-PSA-10-White-Sox-81-Rookie-Card/233904919310?hash=item3675d1d30e:g:JMoAAOSwQuFgMrY-
1987 Donruss Bo Jackson ROOKIE RC #35 PSA 10 GEM MINT,See Description,$305.00,"Feb 28, 2021

11:37:05 PST",Baseball,See Description,,Donruss,10,Professional Sports (PSA),Rookie,https://www.ebay.com/itm/1987-Donruss-Bo-Jackson-ROOKIE-RC-35-PSA-10-GEM-MINT/133665050708?hash=item1f1f0ed054:g:0AgAAOSwkztgKYW2
2019 Bowman Chrome Eloy Jimenez RC PSA 10 White Sox #81 Rookie Card,Eloy Jimenez,$51.00,"Feb 28, 2021

11:37:08 PST",Baseball,Chicago White Sox,2019,Bowman,10,Professional Sports (PSA),Rookie,https://www.ebay.com/itm/2019-Bowman-Chrome-Eloy-Jimenez-RC-PSA-10-White-Sox-81-Rookie-Card/233904919310?hash=item3675d1d30e:g:JMoAAOSwQuFgMrY-
1987 Donruss Bo Jackson ROOKIE RC #35 PSA 10 GEM MINT,See Description,$305.00,"Feb 28, 2021

11:37:05 PST",Baseball,See Description,,Donruss,10,Professional Sports (PSA),Rookie,https://www.ebay.com/itm/1987-Donruss-Bo-Jackson-ROOKIE-RC-35-PSA-10-GEM-MINT/133665050708?hash=item1f1f0ed054:g:0AgAAOSwkztgKYW2
1921 JOE JUDGE  e220 National Caramel Company Authentic!,,$36.00,"Feb 28, 2021

11:36:47 PST",Baseball,,,National Caramel Company,Authentic,,,https://www.ebay.com/itm/1921-JOE-JUDGE-e220-National-Caramel-Company-Authentic/133668891133?hash=item1f1f4969fd:g:ZC8AAOSwVD9gLsGa
2020 Panini Prizm DP Red Ice - Lamelo Ball #98 - PSA 9 MINT Rookie Card,Lamelo Ball,$99.99,"Feb 28, 2021

11:35:35 PST",Basketball,Charlotte Hornets,2020,Panini,9,Professional Sports (PSA),Rookie,https://www.ebay.com/itm/2020-Panini-Prizm-DP-Red-Ice-Lamelo-Ball-98-PSA-9-MINT-Rookie-Card/203289413377?hash=item2f54fe4701:g:lqAAAOSwPPZgNSR3
2019 Topps Chrome Pete Alonso RC PSA 10 Gem Mint New York Mets Rookie #204,Pete Alonso,$76.31,"Feb 28, 2021

11:35:11 PST",Baseball,New York Mets,2019,Topps,10,Professional Sports (PSA),Rookie,https://www.ebay.com/itm/2019-Topps-Chrome-Pete-Alonso-RC-PSA-10-Gem-Mint-New-York-Mets-Rookie-204/233904917722?hash=item3675d1ccda:g:E4gAAOSw~FFgMrXO
2018 Gleyber Torres #HMT26 Topps Chrome Update Rookie Card RC PSA 10 GEM MINT,Gleyber Torres,$59.99,"Feb 28, 2021

11:35:00 PST",Baseball,New York Yankees,2018,Topps,10,Professional Sports (PSA),Rookie,https://www.ebay.com/itm/2018-Gleyber-Torres-HMT26-Topps-Chrome-Update-Rookie-Card-RC-PSA-10-GEM-MINT/224368975665?hash=item343d6edf31:g:FRsAAOSwsltgOWUM
2020 Topps Trent Grisham RC Orange Parallel /99 Short Print SP Padres,Trent Grisham,$59.99,"Feb 28, 2021

11:34:59 PST",Baseball,San Diego Padres,2020,Topps,Ungraded,Not Professionally Graded,"Rookie, Short Print (SP)",https://www.ebay.com/itm/2020-Topps-Trent-Grisham-RC-Orange-Parallel-99-Short-Print-SP-Padres/333875101379?hash=item4dbc81bec3:g:QpMAAOSwI9VgF2GH
FLEER 1987 MICHAEL JORDAN 2 OF 11 RARE STICKER,Michael Jordan,$152.51,"Feb 28, 2021

11:34:55 PST",Basketball,Chicago Bulls,1987,Fleer,Ungraded,Not Professionally Graded,Rookie,https://www.ebay.com/itm/FLEER-1987-MICHAEL-JORDAN-2-OF-11-RARE-STICKER/313427588021?hash=item48f9bd73b5:g:quwAAOSwcy1gNCxf
üî•1998 Skybox Z-Force Basketball Kobe Bryant Slam Cam Card,Kobe Bryant,$91.00,"Feb 28, 2021

11:34:41 PST",Basketball,Los Angeles Lakers,1998,SkyBox,Ungraded,Not Professionally Graded,Single-Insert,https://www.ebay.com/itm/1998-Skybox-Z-Force-Basketball-Kobe-Bryant-Slam-Cam-Card/133668889144?hash=item1f1f496238:g:B~UAAOSwquxgLr-S
2020 Topps Allen & Ginter Chrome Ty Cobb /25 Orange Parallel Detroit Tigers,Ty Cobb,$39.99,"Feb 28, 2021

11:34:27 PST",Baseball,Detroit Tigers,2020,Topps,Ungraded,Not Professionally Graded,"Serial Numbered, Short Print (SP)",https://www.ebay.com/itm/2020-Topps-Allen-Ginter-Chrome-Ty-Cobb-25-Orange-Parallel-Detroit-Tigers/313419345273?hash=item48f93fad79:g:xeUAAOSwjDBgKYkP
2018 EMINENCE WORLD SNEIJDER & VAN PERSIE Tandem ON CARD GOLD  #1/10 AUTO üá≥üá±,Robin Van Persie,$926.61,"Feb 28, 2021

11:34:23 PST",Soccer,Netherlands,2018,Panini,Ungraded,Not Professionally Graded,"Autograph, 1-of-1, Refractor, Serial Numbered, Short Print (SP), Single-Parallel",https://www.ebay.com/itm/2018-EMINENCE-WORLD-SNEIJDER-VAN-PERSIE-Tandem-ON-CARD-GOLD-1-10-AUTO/203285575236?hash=item2f54c3b644:g:D90AAOSwSLlgLegT
Raul Autograph /99 2020 Panini Immaculate Collection Soccer Ink Auto Real Madrid,Raul,$122.50,"Feb 28, 2021

11:34:22 PST",Soccer,Real Madrid,2020,Panini,Ungraded,Not Professionally Graded,"Serial Numbered, Short Print (SP), Single-Parallel",https://www.ebay.com/itm/Raul-Autograph-99-2020-Panini-Immaculate-Collection-Soccer-Ink-Auto-Real-Madrid/203285575231?hash=item2f54c3b63f:g:ENsAAOSw~llgMfZg
2020 Panini Immaculate Base #98 JADON SANCHO Borussia Dortmund #/99,Jadon Sancho,$153.50,"Feb 28, 2021

11:34:22 PST",Soccer,Borussia Dortmund,2020,Panini,Ungraded,Not Professionally Graded,Serial Numbered,https://www.ebay.com/itm/2020-Panini-Immaculate-Base-98-JADON-SANCHO-Borussia-Dortmund-99/203285575234?hash=item2f54c3b642:g:~14AAOSwXIpgMfXI
2003-04 Fleer Tradition Lebron James Rookie #261 Mint Condition! Cleveland Cavs,LeBron James,$235.00,"Feb 28, 2021

11:34:17 PST",Basketball,Cleveland Cavaliers,2003,Fleer,Ungraded,,Rookie,https://www.ebay.com/itm/2003-04-Fleer-Tradition-Lebron-James-Rookie-261-Mint-Condition-Cleveland-Cavs/203292214231?hash=item2f552903d7:g:9nMAAOSwWelgO-1E
KEVIN DURANT 2007 08 FLEER 1986 RETRO ROOKIE RC #143 PSA ! Worthy,Kevin Durant,$243.51,"Feb 28, 2021

11:34:07 PST",Basketball,Brooklyn Nets,2007,Fleer,,Professional Sports (PSA),"Rookie, Topps Chrome",https://www.ebay.com/itm/KEVIN-DURANT-2007-08-FLEER-1986-RETRO-ROOKIE-RC-143-PSA-Worthy/133671911599?hash=item1f1f7780af:g:IqIAAOSwlKlgMrcw
1995-96 Fleer Ultra Scoring Kings Hot Packs #4 Michael Jordan Bulls ,Michael Jordan,$61.00,"Feb 28, 2021

11:33:51 PST",Basketball,Chicago Bulls,1995,Fleer,Ungraded,Not Professionally Graded,"Single-Insert, Single-Parallel",https://www.ebay.com/itm/1995-96-Fleer-Ultra-Scoring-Kings-Hot-Packs-4-Michael-Jordan-Bulls/224360574723?hash=item343ceeaf03:g:Aq4AAOSwqSlgMrWN
2019 Topps Update Vladimir Guerrero Jr. Black Parallel Rookie Debut #'d 08/67 RC,Vladimir Guerrero Jr.,$99.99,"Feb 28, 2021

11:33:49 PST",Baseball,Toronto Blue Jays,2019,Topps,Ungraded,,"Rookie, Serial Numbered, Short Print (SP), Single-Parallel",https://www.ebay.com/itm/2019-Topps-Update-Vladimir-Guerrero-Jr-Black-Parallel-Rookie-Debut-d-08-67-RC/313398920174?hash=item48f80803ee:g:24kAAOSwIHhf6~ND
2019-20 Panini Court Kings Legacies Charles Barkley HOF AUTO 6/25 Mint 9 Auto 10,Charles Barkley,$255.00,"Feb 28, 2021

11:33:33 PST",Basketball,Phoenix Suns,2019,Panini,9,Professional Sports (PSA),"Auto, Serial Numbered, Piece of Authentic",https://www.ebay.com/itm/2019-20-Panini-Court-Kings-Legacies-Charles-Barkley-HOF-AUTO-6-25-Mint-9-Auto-10/353395343238?hash=item524800ff86:g:odcAAOSwGXNgLBs4
2020 Bowman Bobby Witt Jr. 1st PSA 10 Gem Mint Royals Top Prospect #25,Bobby Witt,$51.00,"Feb 28, 2021

11:33:19 PST",Baseball,Kansas City Royals,2020,Bowman,10,Professional Sports (PSA),Prospect 1st,https://www.ebay.com/itm/2020-Bowman-Bobby-Witt-Jr-1st-PSA-10-Gem-Mint-Royals-Top-Prospect-25/233904916023?hash=item3675d1c637:g:QJwAAOSwa7hgMrVK
Panini Select Prizm 2017 Fernando Torres Spain Atletico Zebra /25 SP Case Hit ,Fernando Torres,$71.00,"Feb 28, 2021

11:33:04 PST",Soccer,Club Atletico De Madrid,,Panini,,,"Serial Numbered, Short Print (SP)",https://www.ebay.com/itm/Panini-Select-Prizm-2017-Fernando-Torres-Spain-Atletico-Zebra-25-SP-Case-Hit/143955730341?hash=item21846e1fa5:g:HrIAAOSwUIhgMl8X
1979-80 Topps Gordie Howe #175 Last Card PSA 8 NM-MT HOF Red Wings Whalers,Gordie Howe,$56.00,"Feb 28, 2021

11:32:37 PST",Ice Hockey,Detroit Red Wings,1979,Topps,8,Professional Sports (PSA),,https://www.ebay.com/itm/1979-80-Topps-Gordie-Howe-175-Last-Card-PSA-8-NM-MT-HOF-Red-Wings-Whalers/224360573159?hash=item343ceea8e7:g:0q4AAOSwTfNgMrTK
1921 EDGAR RICE  e220 National Caramel Company Authentic!,,$53.55,"Feb 28, 2021

11:32:33 PST",Baseball,,,National Caramel Company,Authentic,,,https://www.ebay.com/itm/1921-EDGAR-RICE-e220-National-Caramel-Company-Authentic/133668885762?hash=item1f1f495502:g:tXMAAOSw0KJgLsCf
üî•Zion Williamsonüî• 2019 Panini Prizm DP SILVER PRIZMüåà+BLUE PRIZM#64 PSA10'süíé,Zion Williamson,$279.99,"Feb 28, 2021

11:32:29 PST",Basketball,New Orleans Pelicans,2019,Panini,10,Professional Sports (PSA),Rookie,https://www.ebay.com/itm/Zion-Williamson-2019-Panini-Prizm-DP-SILVER-PRIZM-BLUE-PRIZM-64-PSA10s/353378541830?hash=item524700a106:g:mIwAAOSw3ypgHcjy
2020 Panini Elite Justin Jefferson Pen Pals Blue Ink Auto ,Justin Jefferson,$125.00,"Feb 28, 2021

11:31:52 PST",Football,Minnesota Vikings,2020,Panini,Ungraded,Not Professionally Graded,"Autograph, Rookie, Short Print (SP)",https://www.ebay.com/itm/2020-Panini-Elite-Justin-Jefferson-Pen-Pals-Blue-Ink-Auto/143959422685?hash=item2184a676dd:g:susAAOSwLYRgJbHT
ALLEN IVERSON 1996 1997 ROOKIE RC / 2ND YEAR LOT PHILADELPHIA 76ERS 17 CARD,,$100.00,"Feb 28, 2021

11:31:47 PST",,,,,,,,https://www.ebay.com/itm/ALLEN-IVERSON-1996-1997-ROOKIE-RC-2ND-YEAR-LOT-PHILADELPHIA-76ERS-17-CARD/203284386969?hash=item2f54b19499:g:6aIAAOSwcGtgMLF-
2010 Bowman Draft Picks & Prospects Chrome Christian Yelich Rookie #BDPP78 RC,Christian Yelich,$39.95,"Feb 28, 2021

11:31:38 PST",Baseball,Milwaukee Brewers,2010,Bowman,Ungraded,Not Professionally Graded,Rookie,https://www.ebay.com/itm/2010-Bowman-Draft-Picks-Prospects-Chrome-Christian-Yelich-Rookie-BDPP78-RC/133474528924?hash=item1f13b3ae9c:g:LmYAAOSwv2ZfHMQt
1972 Topps Pete Rose Cincinnati Reds #559 (GEM GRADING 8 NM-MT),Pete Rose,$73.00,"Feb 28, 2021

11:31:27 PST",Baseball,Cincinnati Reds,1972,Topps,8,,,https://www.ebay.com/itm/1972-Topps-Pete-Rose-Cincinnati-Reds-559-GEM-GRADING-8-NM-MT/233910269971?hash=item3676237813:g:3XAAAOSw-F5gN~rK
2018-19 Panini Prizm Gary Trent Jr Silver RC Portland Trail Blazers INVEST!!!,Gary Trent Jr,$52.50,"Feb 28, 2021

11:31:23 PST",Basketball,Portland Trail Blazers,2018,Panini,Ungraded,Not Professionally Graded,"Prizm, Memorabilia, Refractor, Rookie, Short Print (SP), Single-Parallel",https://www.ebay.com/itm/2018-19-Panini-Prizm-Gary-Trent-Jr-Silver-RC-Portland-Trail-Blazers-INVEST/224366499884?hash=item343d49182c:g:t20AAOSwYW5gORk-
2017 Immaculate Gold Triples Patch Logo Andrea Pirlo /10 Marco Verratti SP Italy,Andrea Pirlo,$69.99,"Feb 28, 2021

11:31:02 PST",Soccer,Italy,,Panini,,,"Piece of Authentic, Serial Numbered, Short Print (SP)",https://www.ebay.com/itm/2017-Immaculate-Gold-Triples-Patch-Logo-Andrea-Pirlo-10-Marco-Verratti-SP-Italy/143955308200?hash=item218467aea8:g:zsAAAOSw0~pgMZSt
1988 Fleer Sticker Michael Jordan 7 of 11 Rare Card,Michael Jordan,$40.09,"Feb 28, 2021

11:30:32 PST",Basketball,Chicago Bulls,1988,Fleer,Ungraded,Not Professionally Graded,Single-Insert,https://www.ebay.com/itm/1988-Fleer-Sticker-Michael-Jordan-7-of-11-Rare-Card/143956076916?hash=item2184736974:g:LfsAAOSw-HlgMrSq
2003 Sports Illustrated For Kids LeBron James ROOKIE RC #264 WCG Gem Mint 10,See Description,$55.00,"Feb 28, 2021

11:30:30 PST",Basketball,See Description,2003,See Description,10,WCG,Rookie,https://www.ebay.com/itm/2003-Sports-Illustrated-For-Kids-LeBron-James-ROOKIE-RC-264-WCG-Gem-Mint-10/233914159684?hash=item36765ed244:g:U0QAAOSwyClgD5F~
2019 Panini Luminance Patrick Mahomes Dynamic PSA 10 Pop 1/1 SP Chiefs ,Patrick Mahomes,$152.50,"Feb 28, 2021

11:30:28 PST",Football,Kansas City Chiefs,2019,Panini,10,Professional Sports (PSA),"Single-Insert, Short Print (SP), 1-of-1",https://www.ebay.com/itm/2019-Panini-Luminance-Patrick-Mahomes-Dynamic-PSA-10-Pop-1-1-SP-Chiefs/233904913228?hash=item3675d1bb4c:g:8HgAAOSw1O9gMrSO
PSA 10 Darius Garland 2019-20 Panini Prizm #288 RC Rookie Cleveland Cavaliers,Darius Garland,$89.95,"Feb 28, 2021

11:30:27 PST",Basketball,Cleveland Cavaliers,2019,Panini,10,Professional Sports (PSA),Rookie,https://www.ebay.com/itm/PSA-10-Darius-Garland-2019-20-Panini-Prizm-288-RC-Rookie-Cleveland-Cavaliers/203285931280?hash=item2f54c92510:g:z8IAAOSwSQpgMyjw
2019-20 Zion Williamson #1 / Panini Select ‚ÄòConcourse‚Äô Rookie NBA,Zion Williamson,$69.00,"Feb 28, 2021

11:30:21 PST",Basketball,New Orleans Pelicans,2019,Panini,Ungraded,Not Professionally Graded,Rookie,https://www.ebay.com/itm/2019-20-Zion-Williamson-1-Panini-Select-Concourse-Rookie-NBA/143956076722?hash=item21847368b2:g:2iwAAOSwx1FgMrNK
2019-20 PANINI NBA HOOPS PREMIUM STOCK JA MORANT RC #259 SILVER LASER & Crusade,Ja Morant,$68.00,"Feb 28, 2021

11:30:14 PST",Basketball,,2020,Panini,Ungraded,Not Professionally Graded,"Silver Laser Prizm, Rookie, Short Print (SP), Single-Insert, Single-Parallel",https://www.ebay.com/itm/2019-20-PANINI-NBA-HOOPS-PREMIUM-STOCK-JA-MORANT-RC-259-SILVER-LASER-Crusade/333898724106?hash=item4dbdea330a:g:GF4AAOSwuZZgNHFe
2020 Panini Donruss Optic Justin Herbert Base Rated Rookie - Chargers Rookie,Justin Herbert,$144.50,"Feb 28, 2021

11:30:01 PST",Football,Los Angeles Chargers,2020,Panini,Ungraded,Not Professionally Graded,Rookie,https://www.ebay.com/itm/2020-Panini-Donruss-Optic-Justin-Herbert-Base-Rated-Rookie-Chargers-Rookie/373477244208?hash=item56f4fa7d30:g:S4YAAOSwLLlgObsw
2017 1st Bowman Chrome Draft Adam Haseley Rookie Auto BGS Quad 9.5 / 10 #CDAAH,Adam Haseley,$43.98,"Feb 28, 2021

11:29:56 PST",Baseball,Philadelphia Phillies,2017,Bowman,10,Beckett (BGS),"Rookie, Auto",https://www.ebay.com/itm/2017-1st-Bowman-Chrome-Draft-Adam-Haseley-Rookie-Auto-BGS-Quad-9-5-10-CDAAH/313210388451?hash=item48eccb3fe3:g:V00AAOSw6atfVmXo
üî•1962 Topps Lou Brock RC Rookie Card PSA 7 üî•superb card TOP 30%,Lou Brock,$999.00,"Feb 28, 2021

11:29:54 PST",Baseball,Chicago Cubs,1962,Topps,7,Professional Sports (PSA),Rookie,https://www.ebay.com/itm/1962-Topps-Lou-Brock-RC-Rookie-Card-PSA-7-superb-card-TOP-30/353394240200?hash=item5247f02ac8:g:g1EAAOSwSLlgMTMq
2017 Bowman Chrome Refractor Ronald Acuna Jr. Braves RC Rookie PSA 10 GEM MINT,Ronald Acuna Jr.,$200.00,"Feb 28, 2021

11:29:45 PST",Baseball,Atlanta Braves,2017,Bowman,10,Professional Sports (PSA),Rookie,https://www.ebay.com/itm/2017-Bowman-Chrome-Refractor-Ronald-Acuna-Jr-Braves-RC-Rookie-PSA-10-GEM-MINT/373377276799?hash=item56ef051b7f:g:Kb0AAOSwlIZfySm7
2005 Topps #431 Aaron Rodgers Rookie,Aaron Rodgers,$220.00,"Feb 28, 2021

11:29:36 PST",Football,Green Bay Packers,2005,Topps,,,Rookie,https://www.ebay.com/itm/2005-Topps-431-Aaron-Rodgers-Rookie/233901021758?hash=item3675965a3e:g:MRAAAOSwjN5f9IkS
1992 PRO LINE PROFILES JOHN ELWAY CERTIFIED AUTO SIGNATURE DENVER BRONCOS #6,John Elway,$99.99,"Feb 28, 2021

11:29:30 PST",Football,Denver Broncos,,PRO LINE,Ungraded,,"AUTOGRAPH, SIGNATURE",https://www.ebay.com/itm/1992-PRO-LINE-PROFILES-JOHN-ELWAY-CERTIFIED-AUTO-SIGNATURE-DENVER-BRONCOS-6/312836467337?hash=item48d681aa89:g:7G4AAOSwOIpdxJWc
1992 PRO LINE PROFILES JOHN ELWAY CERTIFIED AUTO SIGNATURE DENVER BRONCOS #9,John Elway,$99.99,"Feb 28, 2021

11:29:18 PST",Football,Denver Broncos,,PRO LINE,Ungraded,,"AUTOGRAPH, SIGNATURE",https://www.ebay.com/itm/1992-PRO-LINE-PROFILES-JOHN-ELWAY-CERTIFIED-AUTO-SIGNATURE-DENVER-BRONCOS-9/133232779716?hash=item1f054ae1c4:g:sN4AAOSweahdxJYj
Jalen Hurts 2020 Panini Prizm Premier Rookie CARD Jersey PATCH Pink Eagles RC,Jalen Hurts,$39.99,"Feb 28, 2021

11:29:02 PST",Football,Philadelphia Eagles,2020,Panini,Ungraded,,"Memorabilia, Piece of Authentic, Refractor, Rookie, Short Print (SP), Single-Parallel",https://www.ebay.com/itm/Jalen-Hurts-2020-Panini-Prizm-Premier-Rookie-CARD-Jersey-PATCH-Pink-Eagles-RC/233911717360?hash=item3676398df0:g:d4cAAOSwKflgOVLI
2020 Panini Prizm Football Blue Prizm #138 Charles Woodson Oakland Raiders SSP,Charles Woodson,$49.99,"Feb 28, 2021

11:29:02 PST",Football,Oakland Raiders,2020,Panini,Ungraded,Not Professionally Graded,"Refractor, Short Print (SP), Single-Parallel",https://www.ebay.com/itm/2020-Panini-Prizm-Football-Blue-Prizm-138-Charles-Woodson-Oakland-Raiders-SSP/313436141608?hash=item48fa3ff828:g:hvsAAOSw~iVgIWQt
2020 Panini Donruss Optic Justin Herbert Rated Rookie Card #153 MINT Chargers RC,Justin Herbert,$110.00,"Feb 28, 2021

11:28:10 PST",Football,Los Angeles Chargers,2020,Panini,Ungraded,Not Professionally Graded,Rookie,https://www.ebay.com/itm/2020-Panini-Donruss-Optic-Justin-Herbert-Rated-Rookie-Card-153-MINT-Chargers-RC/373479281861?hash=item56f51994c5:g:nV0AAOSwfhlgNEWw
1988 Fleer Sticker Michael Jordan 7 of 11 Rare Card,Michael Jordan,$42.12,"Feb 28, 2021

11:27:46 PST",Basketball,Chicago Bulls,1988,Fleer,Ungraded,Not Professionally Graded,Single-Insert,https://www.ebay.com/itm/1988-Fleer-Sticker-Michael-Jordan-7-of-11-Rare-Card/143956073437?hash=item2184735bdd:g:5W0AAOSwJy5gMrN1
2018 Topps Archives JUAN SOTO Rookie RC Silver Parallel #73 22/99,Juan Soto,$750.00,"Feb 28, 2021

11:27:44 PST",Baseball,Washington Nationals,2018,Topps,Ungraded,Not Professionally Graded,Rookie,https://www.ebay.com/itm/2018-Topps-Archives-JUAN-SOTO-Rookie-RC-Silver-Parallel-73-22-99/133678653795?hash=item1f1fde6163:g:HPMAAOSwJDhgO8qS
2005 Upper Deck NFL Foundations /300 Vincent Jackson #222 Rookie Auto,Vincent Jackson,$46.24,,Football,San Diego Chargers,2005,Upper Deck,Raw,None,"Autograph, Rookie, SerialNumbered",https://www.ebay.com/itm/2005-Upper-Deck-NFL-Foundations-300-Vincent-Jackson-222-Rookie-Auto/233701391455?hash=item3669b03c5f:g:kdgAAOSwIZZfUSjQ
2020 Panini Prizm 400 Panini Rewards Points- Unused,Justin Herbert,$54.99,"Feb 28, 2021

11:27:25 PST",Football,Los Angeles Chargers,2020,Panini,Ungraded,Not Professionally Graded,"Negative, Rookie",https://www.ebay.com/itm/2020-Panini-Prizm-400-Panini-Rewards-Points-Unused/203292178737?hash=item2f55287931:g:p4cAAOSw-npgO-X8
2020-21 Leaf In The Game Used Mario Lemieux/Sidney Crosby Dual Jersey #/25,Mario Lemieux,$40.99,"Feb 28, 2021

11:27:14 PST",Ice Hockey,Pittsburgh Penguins,2020,In the Game,Ungraded,,,https://www.ebay.com/itm/2020-21-Leaf-In-The-Game-Used-Mario-Lemieux-Sidney-Crosby-Dual-Jersey-25/353399836209?hash=item5248458e31:g:MmwAAOSwzJBgNYoC
